,customer,state,gender,education,customer_lifetime_value,income,monthly_premium_auto,number_of_open_complaints,policy_type,vehicle_class,total_claim_amount
0,RB50392,washington,U,master,588174.235,0.0,1000.0,0.0,Personal Auto,Four-Door Car,2.704934
1,QZ44356,arizona,F,bachelors,697953.59,0.0,94.0,0.0,Personal Auto,Four-Door Car,1131.464935
2,AI49188,nevada,F,bachelors,1288743.17,48767.0,108.0,0.0,Personal Auto,Two-Door Car,566.472247
3,WW63253,california,M,bachelors,764586.18,0.0,106.0,0.0,Corporate Auto,SUV,529.881344
4,GA49547,washington,M,high school or below,536307.65,36357.0,68.0,0.0,Personal Auto,Four-Door Car,17.269323
5,OC83172,oregon,F,bachelors,825629.78,62902.0,69.0,0.0,Personal Auto,Two-Door Car,159.383042
6,XZ87318,oregon,F,college,538089.86,55350.0,67.0,0.0,Corporate Auto,Four-Door Car,321.6
7,CF85061,arizona,M,master,721610.03,0.0,101.0,0.0,Corporate Auto,Four-Door Car,363.02968
8,DY87989,oregon,M,bachelors,2412750.4,14072.0,71.0,0.0,Corporate Auto,Four-Door Car,511.2
9,BQ94931,oregon,F,college,738817.81,28812.0,93.0,0.0,Special Auto,Four-Door Car,425.527834
10,SX51350,california,M,college,473899.2,0.0,67.0,0.0,Personal Auto,Four-Door Car,482.4
11,VQ65197,california,U,college,819719.71,0.0,110.0,0.0,Personal Auto,SUV,528.0
12,DP39365,california,U,master,879879.7,77026.0,110.0,2.0,Corporate Auto,Four-Door Car,472.029737
13,SJ95423,arizona,U,high school or below,881901.89,99845.0,110.0,1.0,Corporate Auto,SUV,528.0
14,IL66569,california,U,college,538443.17,83689.0,70.0,2.0,Corporate Auto,Four-Door Car,307.139132
15,BW63560,oregon,U,bachelors,746313.94,24599.0,64.0,1.0,Corporate Auto,Four-Door Car,42.920271
16,FV94802,nevada,U,high school or below,256686.78,25049.0,67.0,0.0,Personal Auto,Two-Door Car,454.245098
17,OE15005,california,U,college,394524.16,28855.0,101.0,0.0,Personal Auto,SUV,647.442031
18,WC83389,oregon,U,college,571033.31,51148.0,72.0,0.0,Personal Auto,Four-Door Car,308.981664
19,FL50705,california,U,high school or below,816261.71,66140.0,101.0,0.0,Corporate Auto,Four-Door Car,484.8
20,ZK25313,oregon,U,high school or below,287205.13,57749.0,74.0,0.0,Personal Auto,Two-Door Car,355.2
21,QK46697,washington,M,bachelors,617710.93,61040.0,79.0,1.0,Personal Auto,Two-Door Car,20.382876
22,YH23384,arizona,U,bachelors,2412750.4,14072.0,71.0,0.0,Personal Auto,Four-Door Car,511.2
23,TZ98966,nevada,U,bachelors,245019.1,0.0,73.0,3.0,Corporate Auto,Four-Door Car,554.376763
24,HM55802,california,U,bachelors,239210.79,17870.0,61.0,0.0,Corporate Auto,Four-Door Car,439.2
25,FS42516,oregon,U,college,580206.6,97541.0,72.0,0.0,Personal Auto,Four-Door Car,389.185006
26,US89481,california,U,bachelors,394637.21,0.0,111.0,0.0,Personal Auto,Four-Door Car,799.2
27,HS14476,washington,M,college,916206.32,29723.0,80.0,0.0,Personal Auto,Four-Door Car,20.985105
28,GE62437,arizona,U,college,1290256.01,86584.0,111.0,2.0,Personal Auto,Four-Door Car,532.8
29,EJ77678,oregon,U,master,323536.05,75690.0,80.0,1.0,Personal Auto,Four-Door Car,384.0
30,SV85652,arizona,U,college,245458.35,23158.0,63.0,1.0,Personal Auto,Four-Door Car,322.294043
31,UL64533,nevada,U,high school or below,1897545.61,65999.0,237.0,0.0,Corporate Auto,Luxury,615.927769
32,PF41800,california,U,bachelors,471532.13,0.0,65.0,0.0,Personal Auto,Four-Door Car,308.15089
33,HD95276,washington,F,college,473787.17,0.0,130.0,0.0,Personal Auto,SUV,23.820158
34,SK67821,oregon,U,bachelors,493291.63,37260.0,62.0,0.0,Corporate Auto,Four-Door Car,15.437681
35,YV55495,arizona,U,high school or below,574422.97,68987.0,71.0,0.0,Personal Auto,Four-Door Car,204.475147
36,KY38074,california,U,bachelors,1389173.57,42305.0,117.0,0.0,Personal Auto,Four-Door Car,561.6
37,DM79012,oregon,U,master,738097.67,65706.0,91.0,0.0,Personal Auto,Four-Door Car,436.8
38,CM61827,oregon,U,bachelors,309003.41,0.0,90.0,0.0,Personal Auto,Two-Door Car,648.0
39,WC35801,arizona,U,high school or below,252163.31,53243.0,66.0,2.0,Personal Auto,Four-Door Car,157.397849
40,QG25316,nevada,U,high school or below,265206.18,0.0,70.0,1.0,Corporate Auto,Two-Door Car,484.318536
41,MB98372,oregon,U,college,277104.5,50071.0,71.0,0.0,Corporate Auto,Two-Door Car,18.918935
42,IL19217,california,U,bachelors,393900.64,60021.0,99.0,0.0,Personal Auto,Four-Door Car,882.871945
43,SR38658,arizona,U,high school or below,1223187.97,43244.0,103.0,0.0,Personal Auto,Luxury,494.4
44,YD87931,washington,M,doctor,495165.61,46896.0,35354.0,1.0,Personal Auto,Four-Door Car,31.707317
45,HG65722,oregon,U,doctor,1281910.29,10105.0,172.0,3.0,Personal Auto,SUV,0.517753
46,BU27331,arizona,U,bachelors,446851.05,0.0,73.0,3.0,Personal Auto,Four-Door Car,579.165954
47,XM45289,oregon,U,high school or below,551434.4,23218.0,71.0,0.0,Personal Auto,Two-Door Car,447.79344
48,KP34198,california,U,bachelors,334387.53,0.0,92.0,0.0,Corporate Auto,Four-Door Car,529.624084
49,SH90947,arizona,U,high school or below,229447.89,0.0,62.0,0.0,Personal Auto,Four-Door Car,313.023175
50,WE95729,oregon,U,college,3670742.64,24804.0,104.0,0.0,Personal Auto,SUV,593.830288
51,PY51963,california,U,bachelors,3347334.95,33190.0,106.0,0.0,Corporate Auto,SUV,508.8
52,RB69909,nevada,U,high school or below,798343.17,36014.0,69.0,3.0,Special Auto,Four-Door Car,173.956072
53,NW21079,washington,F,master,487938.48,67163.0,61.0,2.0,Personal Auto,Two-Door Car,33.192803
54,FR46645,california,U,bachelors,429399.73,16701.0,113.0,0.0,Personal Auto,Four-Door Car,831.625979
55,SY17488,arizona,U,college,716439.55,46623.0,91.0,0.0,Corporate Auto,Four-Door Car,436.8
56,AP67935,california,U,college,761951.58,64749.0,64.0,0.0,Special Auto,Four-Door Car,302.56519
57,FS37417,arizona,U,high school or below,395800.28,0.0,101.0,0.0,Personal Auto,SUV,484.8
58,ML29312,oregon,U,high school or below,449949.33,16969.0,124.0,2.0,Personal Auto,SUV,704.768111
59,UB61619,oregon,U,master,405956.74,11621.0,108.0,0.0,Personal Auto,Four-Door Car,518.4
60,CD86811,arizona,U,bachelors,445811.34,17622.0,65.0,1.0,Personal Auto,Four-Door Car,312.0
61,RU83859,california,U,bachelors,811033.31,11489.0,105.0,0.0,Personal Auto,Two-Door Car,504.0
62,FG63582,oregon,U,bachelors,333976.49,0.0,94.0,0.0,Personal Auto,Two-Door Car,863.327324
63,NN71951,california,U,high school or below,2426101.78,66525.0,100.0,0.0,Personal Auto,SUV,104.331355
64,WB37082,arizona,U,bachelors,661397.37,0.0,63.0,0.0,Personal Auto,Four-Door Car,676.391482
65,SM52139,washington,U,college,293069.35,33663.0,73.0,0.0,Personal Auto,Four-Door Car,350.4
66,FL82372,oregon,U,college,867219.43,22547.0,112.0,0.0,Corporate Auto,SUV,537.6
67,DP45816,arizona,U,high school or below,1163866.93,61486.0,97.0,0.0,Personal Auto,Two-Door Car,465.258644
68,GW33762,oregon,U,bachelors,684615.03,0.0,95.0,0.0,Personal Auto,Two-Door Car,456.0
69,RZ33670,california,U,college,1172777.65,29879.0,102.0,0.0,Personal Auto,Four-Door Car,500.254235
70,PY70169,oregon,U,high school or below,2264383.48,93011.0,113.0,0.0,Personal Auto,SUV,281.451042
71,MO91628,oregon,U,master,261447.43,65186.0,65.0,0.0,Personal Auto,Two-Door Car,5.434505
72,HW87852,oregon,U,master,245175.27,26840.0,64.0,2.0,Personal Auto,Four-Door Car,307.2
73,HB20453,oregon,U,bachelors,678127.02,0.0,104.0,1.0,Personal Auto,Luxury,982.399613
74,BN87372,oregon,U,bachelors,497480.15,75644.0,65.0,3.0,Personal Auto,Two-Door Car,467.803638
75,YX23800,oregon,U,bachelors,859160.49,38984.0,73.0,0.0,Personal Auto,Four-Door Car,350.4
76,DZ87709,oregon,U,high school or below,559216.14,71811.0,71.0,0.0,Personal Auto,Four-Door Car,29.03416
77,XW13033,nevada,U,college,800947.28,20961.0,67.0,0.0,Personal Auto,Four-Door Car,321.6
78,SP81997,washington,F,master,588174.235,41275.0,96.0,0.0,Personal Auto,Four-Door Car,41.122303
79,OM82309,california,U,bachelors,5816655.35,61321.0,186.0,1.0,Personal Auto,Luxury,427.63121
80,ZU35962,california,U,college,802522.94,0.0,77.0,0.0,Personal Auto,Two-Door Car,25.807685
81,VH85817,california,U,high school or below,578018.22,51066.0,74.0,0.0,Personal Auto,Four-Door Car,787.993313
82,DT85712,california,U,doctor,411853.91,34378.0,102.0,0.0,Personal Auto,SUV,489.6
83,YJ88573,nevada,U,master,252307.02,43072.0,63.0,0.0,Personal Auto,Four-Door Car,302.4
84,SQ19467,oregon,U,college,655421.64,25222.0,90.0,0.0,Personal Auto,Four-Door Car,475.623251
85,YB66933,washington,F,bachelors,538275.2,77552.0,68.0,1.0,Corporate Auto,Four-Door Car,45.215059
86,ET79815,california,U,college,592672.94,23091.0,96.0,5.0,Personal Auto,Four-Door Car,460.8
87,QC35222,california,U,bachelors,268347.07,48269.0,69.0,3.0,Corporate Auto,Four-Door Car,282.151207
88,CJ15590,oregon,U,bachelors,269518.24,32720.0,67.0,0.0,Personal Auto,Four-Door Car,321.6
89,OI48267,california,U,college,604702.52,20396.0,76.0,1.0,Personal Auto,Four-Door Car,364.8
90,JY67916,oregon,U,college,1317101.28,21513.0,119.0,1.0,Personal Auto,Two-Door Car,679.827592
91,OW15518,washington,F,college,1595001.95,0.0,87.0,1.0,Personal Auto,Two-Door Car,46.041452
92,CZ33664,oregon,U,bachelors,252765.38,80744.0,63.0,0.0,Corporate Auto,Four-Door Car,11.879037
93,WK30175,oregon,U,bachelors,267209.58,52822.0,67.0,0.0,Corporate Auto,Two-Door Car,350.529033
94,ON44465,california,U,high school or below,531329.4,0.0,77.0,1.0,Personal Auto,Four-Door Car,863.3947
95,TV87155,oregon,U,bachelors,2094619.25,69738.0,74.0,1.0,Personal Auto,Four-Door Car,492.127532
96,KH48895,arizona,U,master,837535.39,17780.0,109.0,0.0,Personal Auto,SUV,132.588288
97,NZ30757,california,U,bachelors,480166.15,18107.0,62.0,0.0,Personal Auto,Four-Door Car,297.6
98,RI22468,arizona,U,bachelors,574594.33,57740.0,74.0,3.0,Personal Auto,Four-Door Car,269.905129
99,FZ30935,oregon,U,college,606611.6,32627.0,76.0,0.0,Personal Auto,Two-Door Car,380.036697
100,UG93476,california,U,college,800230.83,0.0,107.0,0.0,Personal Auto,SUV,513.6
101,AB96670,california,U,college,239391.54,0.0,70.0,0.0,Personal Auto,Four-Door Car,425.266308
102,XK64261,oregon,U,bachelors,476281.79,65795.0,62.0,1.0,Corporate Auto,Two-Door Car,49.011099
103,EV68375,california,U,college,433038.6,60475.0,107.0,0.0,Personal Auto,Four-Door Car,513.6
104,UN51653,california,U,high school or below,940272.98,0.0,130.0,0.0,Personal Auto,SUV,936.0
105,TO96662,oregon,U,bachelors,696669.45,41837.0,88.0,0.0,Personal Auto,Four-Door Car,142.062768
106,MR52087,california,U,bachelors,769406.43,32303.0,65.0,0.0,Personal Auto,Four-Door Car,45.152521
107,DE75225,oregon,U,high school or below,871756.11,0.0,117.0,1.0,Personal Auto,SUV,561.6
108,EP80820,california,U,bachelors,592874.85,40531.0,74.0,0.0,Personal Auto,Two-Door Car,30.567357
109,GU99037,oregon,U,college,245297.73,79898.0,62.0,1.0,Corporate Auto,Four-Door Car,271.606799
110,WI57118,california,U,college,670157.17,56398.0,85.0,0.0,Personal Auto,Four-Door Car,408.0
111,GP39118,washington,M,high school or below,499655.27,71600.0,63.0,0.0,Personal Auto,Two-Door Car,46.158117
112,MQ14219,arizona,U,college,849269.88,27804.0,109.0,0.0,Personal Auto,SUV,784.8
113,KN20603,oregon,U,bachelors,771349.4,45506.0,66.0,2.0,Personal Auto,Four-Door Car,316.8
114,SG20925,washington,F,master,518579.76,99428.0,6464.0,1.0,Personal Auto,Four-Door Car,48.046869
115,JI70886,california,U,high school or below,729006.98,0.0,102.0,1.0,Corporate Auto,SUV,489.6
116,VF72557,oregon,U,high school or below,477294.38,20993.0,133.0,0.0,Personal Auto,SUV,638.4
117,OX28638,arizona,U,high school or below,680649.14,37839.0,86.0,0.0,Personal Auto,Two-Door Car,465.633954
118,SK55033,california,U,bachelors,246978.13,92711.0,62.0,0.0,Personal Auto,Two-Door Car,368.400146
119,OO88645,california,U,college,310392.3,74665.0,78.0,2.0,Corporate Auto,Four-Door Car,236.902001
120,FM14335,washington,F,college,1048491.54,61108.0,89.0,0.0,Personal Auto,Four-Door Car,49.451117
121,CW82151,california,U,bachelors,890273.76,46833.0,112.0,0.0,Personal Auto,Luxury,64.109663
122,DY22043,oregon,U,high school or below,549944.72,88768.0,68.0,0.0,Personal Auto,Two-Door Car,326.4
123,SH36774,california,U,high school or below,1502359.86,28262.0,192.0,0.0,Personal Auto,Luxury,921.6
124,EM43724,nevada,U,bachelors,250910.79,33555.0,63.0,0.0,Personal Auto,Four-Door Car,101.89645
125,FH85960,oregon,U,college,3122174.81,42780.0,113.0,1.0,Personal Auto,Four-Door Car,542.4
126,XA55993,oregon,U,master,313350.34,58850.0,78.0,0.0,Personal Auto,Four-Door Car,143.747794
127,GO36627,arizona,U,college,383745.19,21880.0,97.0,0.0,Special Auto,Four-Door Car,424.077159
128,QH48047,oregon,U,college,1179049.62,25251.0,66.0,0.0,Personal Auto,Four-Door Car,316.8
129,HS28694,washington,F,high school or below,282986.39,25317.0,71.0,0.0,Personal Auto,Two-Door Car,50.422181
130,UH65059,arizona,U,high school or below,430580.83,24188.0,109.0,0.0,Personal Auto,Luxury,523.2
131,FV21968,nevada,U,bachelors,597397.69,41611.0,74.0,0.0,Special Auto,Four-Door Car,113.801497
132,QA87025,oregon,U,bachelors,567044.24,28406.0,72.0,1.0,Personal Auto,Four-Door Car,192.87572
133,TQ13499,arizona,U,college,473174.93,69833.0,118.0,0.0,Personal Auto,Four-Door Car,828.662719
134,BU44523,arizona,U,high school or below,802637.96,0.0,74.0,0.0,Corporate Auto,Four-Door Car,532.8
135,MS41162,arizona,U,high school or below,402296.35,0.0,117.0,0.0,Personal Auto,SUV,975.107098
136,PU25891,oregon,U,high school or below,961831.09,80536.0,119.0,0.0,Special Auto,Luxury,53.798708
137,LH92841,washington,F,bachelors,725595.38,88891.0,89.0,0.0,Personal Auto,Four-Door Car,50.528355
138,SX26335,oregon,U,college,955292.69,97732.0,79.0,0.0,Personal Auto,Four-Door Car,289.9122
139,AZ95587,arizona,F,bachelors,1038855.32,61222.0,89.0,0.0,Special Auto,Four-Door Car,392.604371
140,DS81757,oregon,M,college,247012.12,0.0,74.0,0.0,Personal Auto,Two-Door Car,721.242206
141,OJ94107,arizona,M,master,561906.85,50335.0,140.0,0.0,Personal Auto,SUV,456.52385
142,LP84436,california,F,high school or below,904711.92,0.0,127.0,0.0,Personal Auto,Luxury,1087.995426
143,FF22360,washington,F,doctor,268731.41,82210.0,68.0,4.0,Personal Auto,Four-Door Car,51.961915
144,LM19287,oregon,F,high school or below,373150.46,0.0,96.0,0.0,Personal Auto,Four-Door Car,460.8
145,ZU18643,nevada,M,bachelors,366077.03,64495.0,92.0,0.0,Corporate Auto,Four-Door Car,251.992083
146,AZ82578,california,F,college,792882.93,0.0,72.0,0.0,Corporate Auto,Four-Door Car,345.6
147,XC67861,arizona,F,bachelors,501175.16,28859.0,67.0,3.0,Corporate Auto,Two-Door Car,321.6
148,YC43143,arizona,F,high school or below,798825.83,77330.0,99.0,0.0,Personal Auto,Four-Door Car,99.257608
149,EK59571,oregon,M,college,388545.64,0.0,105.0,0.0,Corporate Auto,Four-Door Car,504.0
150,PA38372,washington,F,high school or below,935773.78,33060.0,117.0,0.0,Personal Auto,Four-Door Car,56.731578
151,RO18530,washington,M,master,254068.98,42557.0,65.0,0.0,Personal Auto,Four-Door Car,57.562324
152,PD27940,arizona,M,high school or below,488516.25,26372.0,126.0,0.0,Personal Auto,SUV,604.8
153,BS77946,arizona,F,bachelors,975330.71,17514.0,127.0,0.0,Personal Auto,SUV,8.312729
154,YM50253,california,F,bachelors,294615.37,89270.0,74.0,0.0,Personal Auto,Four-Door Car,316.599228
155,NR15332,california,M,high school or below,258111.09,29757.0,65.0,0.0,Personal Auto,Four-Door Car,312.0
156,RC62865,oregon,M,college,351738.58,51814.0,92.0,0.0,Personal Auto,Four-Door Car,56.300724
157,CC15295,oregon,F,bachelors,974335.01,24028.0,82.0,0.0,Personal Auto,Four-Door Car,393.6
158,KA61892,arizona,M,college,387364.7,28142.0,105.0,0.0,Personal Auto,Luxury,701.708239
159,OS94884,arizona,F,bachelors,764928.2,52705.0,64.0,1.0,Personal Auto,Two-Door Car,128.705563
160,ND87334,california,M,high school or below,228759.69,0.0,63.0,0.0,Corporate Auto,Two-Door Car,679.368378
161,OY51402,washington,F,high school or below,825576.39,54040.0,103.0,0.0,Personal Auto,SUV,59.987126
162,YL74911,california,F,college,871492.21,0.0,118.0,0.0,Personal Auto,SUV,566.4
163,GK92563,washington,F,doctor,681923.12,22492.0,85.0,0.0,Personal Auto,Two-Door Car,61.654262
164,HL53154,california,M,bachelors,741619.73,0.0,77.0,2.0,Personal Auto,Four-Door Car,554.4
165,RI78966,oregon,M,master,777115.9,21876.0,68.0,0.0,Personal Auto,Four-Door Car,465.41477
166,IC13702,california,F,bachelors,696834.19,0.0,69.0,1.0,Personal Auto,Four-Door Car,496.8
167,BE10809,california,F,high school or below,425028.26,0.0,61.0,1.0,Personal Auto,Four-Door Car,292.8
168,HT87217,oregon,F,high school or below,1977656.65,70699.0,82.0,0.0,Personal Auto,Four-Door Car,256.813837
169,TH95618,california,F,high school or below,2134346.6,0.0,74.0,1.0,Personal Auto,Four-Door Car,355.2
170,TS19868,california,M,college,241313.97,27501.0,63.0,0.0,Personal Auto,Four-Door Car,542.319401
171,LP45550,oregon,F,doctor,1536384.72,15897.0,101.0,0.0,Personal Auto,Four-Door Car,303.148399
172,QR87004,nevada,F,college,845696.19,25141.0,73.0,1.0,Personal Auto,Four-Door Car,25.438063
173,OE75747,nevada,F,college,218964.25,0.0,61.0,3.0,Personal Auto,Four-Door Car,292.8
174,DX91392,california,M,high school or below,578018.22,51066.0,74.0,0.0,Personal Auto,Four-Door Car,787.993313
175,AB72731,california,F,bachelors,463998.16,28358.0,117.0,0.0,Personal Auto,Luxury,84.024413
176,GX84338,washington,F,doctor,382443.13,62530.0,95.0,0.0,Personal Auto,Four-Door Car,61.693771
177,IS12901,arizona,F,bachelors,596811.89,90972.0,74.0,0.0,Personal Auto,Two-Door Car,232.926145
178,BN90616,washington,F,bachelors,859033.5,63110.0,72.0,0.0,Personal Auto,Four-Door Car,68.179721
179,HH90090,california,F,bachelors,407663.47,29549.0,104.0,0.0,Personal Auto,Luxury,710.433775
180,IU25463,california,F,bachelors,1225260.18,0.0,115.0,1.0,Personal Auto,Four-Door Car,552.0
181,KC11055,nevada,F,bachelors,1693627.15,39411.0,217.0,2.0,Personal Auto,Luxury,1122.658899
182,PD33979,oregon,M,high school or below,489243.55,21709.0,62.0,0.0,Personal Auto,Four-Door Car,408.374746
183,NK71023,nevada,M,bachelors,994230.48,67890.0,85.0,0.0,Personal Auto,Four-Door Car,408.0
184,AB13432,california,M,bachelors,373583.81,0.0,110.0,0.0,Personal Auto,SUV,792.0
185,OZ97704,california,F,high school or below,1311752.22,84311.0,111.0,4.0,Personal Auto,SUV,532.8
186,UF46533,california,F,college,457452.41,99316.0,114.0,0.0,Corporate Auto,SUV,754.358929
187,XP47431,arizona,F,bachelors,547006.06,54507.0,138.0,0.0,Personal Auto,SUV,702.990032
188,GK73582,california,F,bachelors,297884.6,64586.0,76.0,0.0,Personal Auto,Four-Door Car,206.837111
189,RV98763,oregon,M,college,641096.75,61709.0,82.0,2.0,Personal Auto,Four-Door Car,275.395894
190,II62831,california,M,master,447902.31,94656.0,111.0,1.0,Special Auto,SUV,459.738128
191,XK33449,california,F,high school or below,238373.19,0.0,69.0,0.0,Special Auto,Two-Door Car,496.8
192,TR85083,california,M,bachelors,276449.37,61085.0,70.0,1.0,Personal Auto,Two-Door Car,336.0
193,EO95328,oregon,F,bachelors,792010.54,89284.0,67.0,3.0,Personal Auto,Two-Door Car,321.6
194,EN21086,arizona,F,high school or below,688909.8,0.0,63.0,0.0,Personal Auto,Four-Door Car,302.4
195,YL83902,washington,F,bachelors,327419.46,31686.0,81.0,0.0,Personal Auto,Four-Door Car,430.994107
196,AZ62651,oregon,M,high school or below,995170.77,56855.0,255.0,0.0,Corporate Auto,Luxury,1836.0
197,ZW25874,oregon,M,bachelors,252155.57,53703.0,67.0,2.0,Special Auto,Four-Door Car,67.632476
198,EH41854,washington,F,high school or below,2370611.34,0.0,96.0,1.0,Personal Auto,Two-Door Car,844.481918
199,MW70227,california,M,college,604702.52,20396.0,76.0,1.0,Personal Auto,Four-Door Car,364.8
200,SL22297,california,F,master,1114030.25,27679.0,150.0,0.0,Personal Auto,SUV,722.486994
201,RV14138,nevada,F,bachelors,433406.41,23904.0,123.0,3.0,Personal Auto,SUV,590.4
202,UO62808,arizona,F,high school or below,279974.79,65351.0,69.0,0.0,Corporate Auto,Four-Door Car,481.027516
203,ZX64745,california,M,college,792313.66,0.0,113.0,0.0,Personal Auto,SUV,1124.427734
204,FL34139,california,M,high school or below,368811.09,0.0,63.0,3.0,Personal Auto,Four-Door Car,669.682001
205,TS11219,california,M,college,1206745.6,0.0,116.0,0.0,Personal Auto,SUV,1284.093173
206,XX12304,california,F,college,292497.67,64459.0,72.0,0.0,Personal Auto,Four-Door Car,240.259479
207,SD64087,california,M,college,1501409.27,32961.0,190.0,0.0,Corporate Auto,SUV,912.0
208,OY38576,oregon,F,high school or below,927723.38,71416.0,116.0,0.0,Corporate Auto,SUV,556.8
209,BG76355,washington,F,bachelors,627412.39,68964.0,78.0,0.0,Personal Auto,Four-Door Car,115.086827
210,IP66913,california,M,high school or below,388664.74,78108.0,98.0,0.0,Personal Auto,Two-Door Car,470.4
211,LE95702,california,M,college,438627.76,10621.0,67.0,0.0,Special Auto,Four-Door Car,321.6
212,KX54357,washington,M,college,1136526.77,84910.0,95.0,0.0,Corporate Auto,Two-Door Car,383.167471
213,EZ78112,california,F,high school or below,561096.43,77493.0,70.0,0.0,Special Auto,Four-Door Car,307.963291
214,XN16891,arizona,M,college,291289.2,81097.0,74.0,0.0,Personal Auto,Four-Door Car,355.2
215,XK31350,oregon,F,college,691572.99,96610.0,85.0,0.0,Corporate Auto,Four-Door Car,520.364752
216,CC30924,oregon,M,college,626266.33,30110.0,159.0,0.0,Corporate Auto,Luxury,466.436375
217,IT78748,oregon,F,high school or below,650339.7,22081.0,84.0,0.0,Special Auto,Two-Door Car,451.670309
218,KY33386,washington,F,high school or below,800739.94,0.0,112.0,0.0,Personal Auto,Luxury,537.6
219,CO44221,california,M,college,292991.65,98473.0,72.0,0.0,Personal Auto,Four-Door Car,345.6
220,LK60013,oregon,F,bachelors,596955.3,97431.0,74.0,0.0,Personal Auto,Four-Door Car,355.2
221,DE21533,california,M,bachelors,547315.99,93870.0,69.0,0.0,Personal Auto,Four-Door Car,331.2
222,YS94121,nevada,M,high school or below,564539.67,50366.0,72.0,0.0,Personal Auto,Four-Door Car,428.734656
223,UK68427,washington,M,high school or below,636926.24,34498.0,83.0,0.0,Personal Auto,Two-Door Car,398.4
224,TE49565,oregon,F,college,1183376.73,16552.0,103.0,0.0,Personal Auto,SUV,494.4
225,RA88421,oregon,F,college,612110.79,26787.0,77.0,0.0,Personal Auto,Four-Door Car,369.6
226,KQ51983,nevada,M,college,515936.97,0.0,74.0,0.0,Personal Auto,Two-Door Car,831.752839
227,CD88896,nevada,F,high school or below,251459.2,43860.0,65.0,0.0,Corporate Auto,Four-Door Car,156.124914
228,YV22553,arizona,M,high school or below,866861.13,21474.0,114.0,2.0,Corporate Auto,SUV,373.428187
229,WU14435,california,M,bachelors,496096.54,18174.0,66.0,0.0,Corporate Auto,Four-Door Car,395.934815
230,XV84099,arizona,F,bachelors,550413.9,0.0,73.0,0.0,Corporate Auto,Four-Door Car,350.4
231,RI24911,arizona,M,college,750745.54,60920.0,64.0,0.0,Personal Auto,Two-Door Car,231.201886
232,KO26461,arizona,M,high school or below,3226985.14,41520.0,90.0,0.0,Personal Auto,Four-Door Car,289.904105
233,HI14283,oregon,F,bachelors,565703.16,0.0,152.0,0.0,Personal Auto,SUV,729.6
234,PT50227,arizona,M,high school or below,506175.79,0.0,68.0,0.0,Personal Auto,Two-Door Car,326.4
235,BH36570,california,M,bachelors,591278.38,72208.0,73.0,0.0,Personal Auto,Two-Door Car,350.4
236,TX17484,california,F,bachelors,1518227.98,53863.0,63.0,0.0,Personal Auto,Four-Door Car,105.765111
237,CT41158,washington,M,college,1074703.09,66446.0,136.0,0.0,Corporate Auto,SUV,639.464548
238,AO87348,washington,M,college,205062.35,0.0,61.0,0.0,Personal Auto,Four-Door Car,292.8
239,DE55857,washington,F,bachelors,246544.49,64997.0,63.0,1.0,Personal Auto,Four-Door Car,383.442328
240,LF66923,nevada,F,high school or below,534312.13,64460.0,66.0,0.0,Corporate Auto,Two-Door Car,316.8
241,CN24514,arizona,F,college,811982.91,46618.0,67.0,0.0,Personal Auto,Four-Door Car,99.085943
242,UW32074,oregon,F,college,460526.52,0.0,64.0,0.0,Corporate Auto,Four-Door Car,307.2
243,HP36979,california,M,college,640878.56,49988.0,84.0,5.0,Personal Auto,Two-Door Car,566.935022
244,PP40919,california,F,college,237653.35,0.0,91.0,5.0,Personal Auto,Two-Door Car,436.8
245,RO73268,california,M,bachelors,321107.0,16269.0,86.0,0.0,Corporate Auto,Two-Door Car,412.8
246,HO61691,arizona,F,bachelors,509452.23,72006.0,64.0,0.0,Personal Auto,Four-Door Car,307.2
247,BS13062,arizona,F,high school or below,2575527.82,0.0,81.0,2.0,Personal Auto,Four-Door Car,388.8
248,FO35655,oregon,M,bachelors,867222.97,0.0,245.0,0.0,Corporate Auto,Luxury,2345.413441
249,HR10526,california,M,master,804473.07,44320.0,67.0,0.0,Personal Auto,Four-Door Car,321.6
250,IA63417,arizona,F,high school or below,400151.91,19782.0,108.0,0.0,Personal Auto,Two-Door Car,773.470977
251,BH35016,nevada,F,bachelors,1670611.7,63933.0,70.0,0.0,Personal Auto,Two-Door Car,424.883448
252,PK52952,arizona,M,doctor,854441.11,28224.0,109.0,0.0,Personal Auto,SUV,523.2
253,OD76309,washington,F,college,780531.29,21073.0,106.0,1.0,Personal Auto,SUV,508.8
254,IL28481,oregon,M,bachelors,611275.69,63243.0,77.0,0.0,Personal Auto,Four-Door Car,364.240307
255,GY55092,nevada,M,high school or below,477294.38,20993.0,133.0,0.0,Personal Auto,SUV,638.4
256,UF33451,oregon,F,bachelors,1097909.56,94827.0,135.0,0.0,Personal Auto,SUV,354.729129
257,CF15558,california,F,master,500426.38,39161.0,63.0,1.0,Personal Auto,Two-Door Car,283.995953
258,JM62924,washington,M,bachelors,1322304.38,37534.0,84.0,2.0,Personal Auto,Four-Door Car,403.2
259,EM66435,oregon,F,bachelors,262331.54,80210.0,65.0,0.0,Corporate Auto,Four-Door Car,20.543176
260,QX45933,california,M,bachelors,1784019.56,0.0,62.0,0.0,Personal Auto,Four-Door Car,385.115437
261,JI71369,california,F,college,510611.18,30110.0,64.0,0.0,Personal Auto,Four-Door Car,140.165035
262,JU93290,arizona,F,college,1793060.45,21708.0,68.0,0.0,Personal Auto,Four-Door Car,326.4
263,GU66096,arizona,M,high school or below,545734.26,94731.0,67.0,0.0,Personal Auto,Four-Door Car,321.6
264,UC33108,california,M,bachelors,656364.41,32375.0,83.0,0.0,Personal Auto,Four-Door Car,398.4
265,LW93867,oregon,M,college,481252.52,16531.0,63.0,0.0,Corporate Auto,Four-Door Car,102.879769
266,OU78470,arizona,F,master,2932804.19,32006.0,94.0,0.0,Corporate Auto,Four-Door Car,56.868289
267,XW90265,arizona,F,bachelors,577352.07,81676.0,72.0,0.0,Personal Auto,Two-Door Car,463.158502
268,HS67749,california,M,college,684711.89,71038.0,86.0,0.0,Corporate Auto,Four-Door Car,205.444066
269,VZ51506,arizona,F,high school or below,359531.29,0.0,103.0,0.0,Corporate Auto,Luxury,741.6
270,UI64281,nevada,F,master,2285561.21,20832.0,65.0,0.0,Personal Auto,Two-Door Car,56.371967
271,AE98193,washington,M,high school or below,785941.46,0.0,113.0,0.0,Personal Auto,SUV,813.6
272,AZ74055,oregon,M,high school or below,411557.74,52405.0,103.0,0.0,Personal Auto,Four-Door Car,494.4
273,XS76911,arizona,F,high school or below,502963.88,0.0,133.0,0.0,Personal Auto,Luxury,795.864079
274,AY40674,washington,F,bachelors,482141.85,26583.0,1005.0,4.0,Personal Auto,SUV,614.4
275,NA12740,oregon,M,master,500431.05,25486.0,65.0,0.0,Special Auto,Two-Door Car,72.438681
276,UA84837,arizona,M,college,863005.39,24065.0,111.0,0.0,Corporate Auto,Four-Door Car,532.8
277,DJ51510,arizona,F,high school or below,932208.51,70435.0,116.0,0.0,Personal Auto,Four-Door Car,67.881546
278,VM58985,california,M,college,1672756.06,0.0,76.0,2.0,Personal Auto,Two-Door Car,402.636829
279,OH60605,oregon,F,high school or below,365253.24,39679.0,92.0,0.0,Personal Auto,Two-Door Car,641.388616
280,UO98052,nevada,M,college,615860.12,0.0,89.0,0.0,Personal Auto,Four-Door Car,342.481173
281,NC53424,california,M,bachelors,437608.4,0.0,69.0,4.0,Personal Auto,Two-Door Car,331.2
282,LQ13873,nevada,M,high school or below,556945.62,53565.0,71.0,1.0,Personal Auto,Four-Door Car,340.8
283,LA97014,washington,M,bachelors,257651.3,37574.0,66.0,1.0,Personal Auto,Two-Door Car,412.101933
284,NB79936,washington,M,bachelors,834698.32,48259.0,108.0,0.0,Personal Auto,Two-Door Car,73.700573
285,NT89061,arizona,F,high school or below,632392.39,78532.0,78.0,0.0,Personal Auto,Four-Door Car,374.4
286,AF10970,arizona,F,bachelors,597314.34,96163.0,73.0,0.0,Corporate Auto,Four-Door Car,350.4
287,ZG48513,california,M,bachelors,470667.7,0.0,72.0,0.0,Personal Auto,Four-Door Car,345.6
288,JQ59145,california,M,high school or below,809341.03,0.0,114.0,1.0,Personal Auto,Luxury,722.024742
289,FE84989,washington,M,college,503574.46,72672.0,63.0,0.0,Personal Auto,Four-Door Car,259.361117
290,JT52858,oregon,F,bachelors,902786.72,99002.0,112.0,1.0,Personal Auto,Four-Door Car,537.6
291,MC62068,california,M,high school or below,728888.48,79494.0,91.0,0.0,Personal Auto,Four-Door Car,396.295614
292,EU27538,oregon,M,master,1804247.94,35704.0,225.0,0.0,Personal Auto,Luxury,358.281562
293,RH42306,arizona,F,bachelors,499206.3,0.0,71.0,0.0,Corporate Auto,Four-Door Car,653.388564
294,US23612,oregon,F,high school or below,910226.78,26049.0,118.0,0.0,Personal Auto,Two-Door Car,121.032372
295,WV76014,arizona,M,doctor,254040.77,70125.0,64.0,0.0,Special Auto,Four-Door Car,92.813396
296,RK96223,california,M,college,1294189.19,52369.0,110.0,1.0,Personal Auto,SUV,528.0
297,MF82000,washington,F,bachelors,236534.86,0.0,66.0,2.0,Special Auto,Four-Door Car,159.636956
298,FM46980,arizona,M,college,572076.51,41770.0,72.0,0.0,Personal Auto,Four-Door Car,476.156957
299,SY56792,oregon,M,high school or below,703553.41,0.0,101.0,0.0,Corporate Auto,Four-Door Car,727.2
300,RF61565,california,M,college,263697.77,31911.0,67.0,0.0,Personal Auto,Four-Door Car,321.6
301,IM94808,nevada,M,bachelors,539583.2,70051.0,68.0,0.0,Corporate Auto,Four-Door Car,42.078345
302,VI14730,oregon,M,high school or below,838263.01,19683.0,117.0,1.0,Personal Auto,Luxury,561.6
303,YR34119,washington,F,college,3116174.52,30916.0,112.0,0.0,Personal Auto,SUV,200.11606
304,RR77985,oregon,F,bachelors,288774.23,0.0,80.0,0.0,Personal Auto,Four-Door Car,676.944023
305,QD28391,washington,M,college,742584.53,84302.0,62.0,0.0,Personal Auto,Four-Door Car,76.609295
306,WV17090,california,M,bachelors,2558572.78,0.0,116.0,0.0,Corporate Auto,SUV,830.623064
307,TM23514,oregon,M,college,1027260.82,60145.0,132.0,0.0,Personal Auto,SUV,580.473259
308,MQ68407,oregon,F,bachelors,437636.36,63774.0,111.0,0.0,Personal Auto,Four-Door Car,60.036683
309,GJ59592,california,F,bachelors,531889.66,25134.0,67.0,0.0,Corporate Auto,Four-Door Car,321.6
310,FY56083,oregon,M,bachelors,471976.22,37057.0,61.0,1.0,Personal Auto,Four-Door Car,47.53101
311,UA94723,oregon,F,high school or below,442803.16,58577.0,110.0,0.0,Personal Auto,SUV,303.872752
312,FW91032,california,M,high school or below,587917.61,85857.0,73.0,0.0,Corporate Auto,Four-Door Car,100.620067
313,DE34457,oregon,F,doctor,941690.85,70602.0,116.0,0.0,Personal Auto,SUV,481.339891
314,HD32044,oregon,F,master,828815.56,33816.0,106.0,2.0,Corporate Auto,Four-Door Car,508.8
315,HH30454,oregon,M,bachelors,3265483.83,0.0,153.0,0.0,Personal Auto,SUV,1101.6
316,AH84063,oregon,F,college,471945.01,89642.0,121.0,4.0,Corporate Auto,SUV,86.320022
317,QA17596,california,F,bachelors,390347.48,60068.0,98.0,0.0,Personal Auto,Two-Door Car,470.4
318,XI41052,california,F,bachelors,545725.97,50044.0,139.0,0.0,Personal Auto,SUV,667.2
319,DI30528,california,F,master,272535.64,36650.0,69.0,1.0,Personal Auto,Four-Door Car,56.60333
320,SC66359,arizona,F,college,443397.37,50653.0,110.0,0.0,Corporate Auto,SUV,262.865172
321,EN61670,arizona,F,doctor,533246.27,68931.0,66.0,0.0,Personal Auto,Four-Door Car,309.577946
322,DQ10761,oregon,M,bachelors,231509.5,0.0,73.0,1.0,Corporate Auto,Four-Door Car,350.4
323,BQ51587,california,F,college,541195.37,0.0,73.0,0.0,Personal Auto,Four-Door Car,365.364581
324,JE21522,california,M,bachelors,958733.23,39266.0,80.0,0.0,Personal Auto,Four-Door Car,384.0
325,WS47147,california,M,college,2210350.72,0.0,102.0,0.0,Personal Auto,SUV,489.6
326,ZA64638,nevada,F,high school or below,976494.53,0.0,98.0,1.0,Personal Auto,Four-Door Car,705.6
327,EW38459,nevada,F,bachelors,256715.15,40864.0,65.0,0.0,Corporate Auto,Four-Door Car,9.51528
328,QW87316,oregon,F,college,265062.28,39035.0,68.0,0.0,Personal Auto,Four-Door Car,244.564334
329,IC43478,california,M,bachelors,1126436.33,34923.0,98.0,0.0,Personal Auto,Two-Door Car,639.105556
330,TE34064,california,M,high school or below,216852.35,0.0,63.0,0.0,Personal Auto,Four-Door Car,453.6
331,WU60905,california,F,high school or below,861066.75,0.0,111.0,0.0,Corporate Auto,SUV,532.8
332,YM18992,california,F,college,283464.62,24506.0,71.0,0.0,Personal Auto,Two-Door Car,511.2
333,PD55753,oregon,M,high school or below,893013.97,0.0,82.0,0.0,Personal Auto,Four-Door Car,554.522969
334,KU56006,arizona,F,college,553638.7,52220.0,70.0,1.0,Personal Auto,Four-Door Car,336.0
335,MJ69973,arizona,M,high school or below,284085.43,0.0,74.0,0.0,Personal Auto,Two-Door Car,402.449823
336,TW43626,california,M,college,808288.1,53554.0,67.0,0.0,Personal Auto,Four-Door Car,327.020539
337,XX84133,california,M,bachelors,525473.43,34476.0,67.0,1.0,Corporate Auto,Four-Door Car,5.3953
338,ZW84453,arizona,F,bachelors,511623.76,0.0,70.0,0.0,Personal Auto,Four-Door Car,131.401291
339,HO29524,california,M,college,303464.7,68205.0,76.0,0.0,Personal Auto,Two-Door Car,99.382943
340,VE89726,california,F,high school or below,802489.99,0.0,119.0,1.0,Personal Auto,SUV,856.8
341,GE87503,california,M,high school or below,1821114.32,53690.0,154.0,0.0,Personal Auto,SUV,739.2
342,PX90263,oregon,M,high school or below,512156.33,0.0,72.0,0.0,Personal Auto,Four-Door Car,518.4
343,NI17718,california,F,high school or below,215017.86,0.0,61.0,0.0,Personal Auto,Four-Door Car,292.8
344,FY32213,california,F,high school or below,559538.99,74454.0,71.0,0.0,Personal Auto,Four-Door Car,340.8
345,RZ13254,nevada,F,bachelors,756282.4,0.0,73.0,0.0,Personal Auto,Four-Door Car,350.4
346,GN45013,oregon,M,high school or below,538585.32,29664.0,71.0,0.0,Personal Auto,Four-Door Car,340.8
347,NM39588,washington,F,doctor,267805.83,72450.0,66.0,0.0,Corporate Auto,Four-Door Car,84.218363
348,KU84464,nevada,F,bachelors,942256.79,47272.0,79.0,3.0,Personal Auto,Four-Door Car,64.546877
349,YH43527,oregon,F,college,360586.03,21585.0,92.0,0.0,Corporate Auto,Four-Door Car,441.6
350,RO30676,california,F,college,776259.06,23827.0,106.0,2.0,Personal Auto,Four-Door Car,37.910623
351,QL59704,arizona,F,college,2344490.05,69906.0,74.0,2.0,Corporate Auto,Four-Door Car,202.860399
352,QH19450,california,F,high school or below,255817.82,0.0,72.0,0.0,Corporate Auto,Four-Door Car,345.6
353,SA54664,washington,M,master,265438.1,73196.0,66.0,1.0,Personal Auto,Four-Door Car,85.809817
354,CI38330,washington,M,bachelors,254978.61,72217.0,6464.0,0.0,Personal Auto,Four-Door Car,91.146661
355,WB38524,california,M,high school or below,296959.33,46131.0,74.0,0.0,Personal Auto,Two-Door Car,355.2
356,CE56187,oregon,F,master,436312.46,54514.0,109.0,3.0,Personal Auto,SUV,286.234931
357,JL19416,california,F,high school or below,588430.86,0.0,161.0,0.0,Personal Auto,SUV,1159.2
358,JZ61422,nevada,F,college,527219.16,96668.0,66.0,0.0,Personal Auto,Four-Door Car,316.8
359,LA13377,california,M,doctor,550989.57,78879.0,69.0,1.0,Personal Auto,Four-Door Car,466.570791
360,NC99948,nevada,M,college,1631368.35,0.0,69.0,0.0,Personal Auto,Four-Door Car,331.2
361,QD34785,arizona,F,bachelors,567805.02,0.0,76.0,0.0,Personal Auto,Four-Door Car,364.8
362,RO26085,california,F,bachelors,1210120.88,0.0,112.0,0.0,Personal Auto,Luxury,1252.406235
363,ES57969,oregon,M,bachelors,245357.08,29735.0,69.0,0.0,Personal Auto,Four-Door Car,331.2
364,JK55587,california,M,high school or below,507566.27,23082.0,65.0,0.0,Special Auto,Four-Door Car,312.0
365,RN97635,arizona,M,bachelors,321497.94,53984.0,80.0,0.0,Corporate Auto,Four-Door Car,421.484456
366,BI76326,california,F,college,1227534.31,52135.0,156.0,0.0,Personal Auto,SUV,430.505942
367,JA34909,california,F,college,272221.07,17576.0,71.0,0.0,Corporate Auto,Four-Door Car,398.502948
368,OJ90342,oregon,F,bachelors,245744.09,29486.0,62.0,0.0,Personal Auto,Four-Door Car,7.646763
369,CM88932,oregon,F,master,355484.53,58557.0,88.0,0.0,Corporate Auto,Four-Door Car,55.510526
370,JJ97525,california,M,bachelors,492954.97,25632.0,63.0,0.0,Personal Auto,Two-Door Car,351.270869
371,XV21647,california,F,high school or below,803645.03,0.0,112.0,0.0,Personal Auto,Luxury,806.4
372,MC83487,arizona,M,bachelors,427691.53,18768.0,68.0,3.0,Corporate Auto,Four-Door Car,647.454583
373,BL90769,california,F,bachelors,3347334.95,33190.0,106.0,0.0,Personal Auto,SUV,508.8
374,CR57148,oregon,F,master,596058.14,47945.0,74.0,0.0,Personal Auto,Two-Door Car,128.43823
375,CP85232,arizona,M,college,4479546.94,58778.0,126.0,0.0,Special Auto,SUV,302.033971
376,YL74732,california,F,high school or below,383211.81,15192.0,100.0,0.0,Personal Auto,SUV,480.0
377,FG16766,california,F,bachelors,683793.26,51859.0,171.0,0.0,Personal Auto,SUV,1003.160633
378,NV55438,nevada,F,high school or below,528526.82,23422.0,72.0,0.0,Personal Auto,Two-Door Car,518.4
379,RM10880,california,F,college,309651.12,21604.0,79.0,0.0,Corporate Auto,Four-Door Car,379.2
380,GL56175,arizona,M,college,358971.07,79298.0,90.0,0.0,Personal Auto,Four-Door Car,244.362072
381,UK52289,arizona,F,bachelors,258240.85,76731.0,64.0,0.0,Special Auto,Four-Door Car,201.455005
382,OT85112,washington,M,college,340391.94,38460.0,88.0,1.0,Personal Auto,Four-Door Car,91.55098
383,BC62782,arizona,F,college,1357567.6,48534.0,115.0,1.0,Personal Auto,SUV,552.0
384,TI19722,washington,M,doctor,343613.43,30817.0,88.0,0.0,Corporate Auto,Four-Door Car,91.834668
385,JP30654,oregon,F,college,2868582.79,48412.0,104.0,0.0,Personal Auto,SUV,707.430832
386,UM45563,washington,M,bachelors,450267.97,68798.0,114.0,0.0,Personal Auto,SUV,92.915251
387,EN60878,oregon,M,bachelors,618311.15,23712.0,85.0,0.0,Personal Auto,Four-Door Car,376.126419
388,JF36291,california,M,college,387364.7,28142.0,105.0,0.0,Personal Auto,Luxury,701.708239
389,BK59444,california,F,master,1892933.06,72196.0,68.0,0.0,Personal Auto,Four-Door Car,152.184244
390,MK70700,california,M,master,555329.58,68197.0,69.0,0.0,Personal Auto,Four-Door Car,176.819414
391,IW71076,california,M,bachelors,501125.92,75248.0,63.0,0.0,Corporate Auto,Four-Door Car,104.454624
392,AP98768,california,F,college,1044244.63,0.0,98.0,0.0,Personal Auto,Four-Door Car,941.718054
393,OM24164,nevada,M,bachelors,219961.78,0.0,65.0,1.0,Personal Auto,Two-Door Car,468.0
394,HR85211,washington,F,master,512317.09,89879.0,63.0,0.0,Personal Auto,Two-Door Car,94.030308
395,VC87846,oregon,M,high school or below,748431.05,46998.0,96.0,0.0,Corporate Auto,Four-Door Car,460.8
396,ZM92052,oregon,M,bachelors,261302.31,57099.0,67.0,0.0,Personal Auto,Two-Door Car,67.859881
397,ON73702,arizona,F,bachelors,908063.97,33897.0,114.0,0.0,Corporate Auto,SUV,539.843003
398,QQ90441,nevada,F,high school or below,1377097.62,59207.0,116.0,0.0,Personal Auto,Four-Door Car,556.8
399,HU35721,oregon,M,high school or below,287682.29,40171.0,73.0,0.0,Personal Auto,Four-Door Car,350.4
400,YP47665,washington,M,doctor,540891.15,80192.0,67.0,0.0,Personal Auto,Four-Door Car,95.193157
401,FU99476,washington,M,high school or below,677030.68,74422.0,85.0,1.0,Personal Auto,Four-Door Car,95.338505
402,AG85615,oregon,M,college,2414387.56,0.0,87.0,0.0,Special Auto,Four-Door Car,626.4
403,OY74069,arizona,F,college,353805.95,0.0,67.0,5.0,Personal Auto,Four-Door Car,321.6
404,DJ91267,nevada,F,bachelors,2909123.94,34226.0,244.0,0.0,Personal Auto,Luxury,494.395024
405,KB72438,california,F,high school or below,1983420.12,65989.0,123.0,1.0,Personal Auto,SUV,115.545086
406,TR67616,oregon,M,high school or below,473136.7,30686.0,61.0,0.0,Corporate Auto,Four-Door Car,19.938981
407,GF65731,california,F,master,3553784.6,0.0,113.0,0.0,Personal Auto,Luxury,799.926741
408,HB67642,arizona,F,high school or below,3461137.9,20090.0,109.0,0.0,Personal Auto,Luxury,523.2
409,DP84567,california,M,high school or below,2021630.88,0.0,183.0,0.0,Personal Auto,Luxury,878.4
410,VV77534,oregon,M,college,1397651.93,77094.0,176.0,0.0,Personal Auto,SUV,444.470676
411,GL67540,california,F,college,590408.82,97413.0,73.0,0.0,Personal Auto,Four-Door Car,268.819985
412,SV50502,oregon,F,master,559583.5,79189.0,69.0,0.0,Corporate Auto,Four-Door Car,331.2
413,UK59698,california,F,high school or below,229430.36,0.0,62.0,0.0,Personal Auto,Two-Door Car,297.6
414,OA57352,arizona,F,college,627391.19,18577.0,86.0,0.0,Personal Auto,Four-Door Car,412.8
415,ZF84449,oregon,F,college,372672.8,0.0,112.0,1.0,Special Auto,Luxury,806.4
416,AX86150,washington,M,high school or below,265671.31,62777.0,67.0,0.0,Personal Auto,Two-Door Car,101.288069
417,HG39060,oregon,M,bachelors,511068.08,0.0,74.0,0.0,Corporate Auto,Four-Door Car,532.8
418,EM29359,nevada,M,college,712659.65,17483.0,183.0,0.0,Personal Auto,Luxury,1317.6
419,SF57173,oregon,M,master,460163.41,84394.0,114.0,0.0,Personal Auto,SUV,691.412378
420,OT47603,oregon,M,college,915523.97,0.0,127.0,0.0,Personal Auto,Luxury,804.811859
421,SW31412,oregon,F,college,1480805.62,41440.0,62.0,1.0,Personal Auto,Four-Door Car,297.6
422,JS36322,arizona,M,high school or below,890167.84,0.0,136.0,1.0,Personal Auto,Luxury,1090.86434
423,RE81445,oregon,F,college,573459.82,98132.0,71.0,0.0,Personal Auto,Two-Door Car,50.587035
424,RM24280,oregon,F,high school or below,417769.7,0.0,112.0,0.0,Personal Auto,Four-Door Car,537.6
425,LC25393,california,M,bachelors,2777628.91,88220.0,230.0,0.0,Personal Auto,Luxury,151.528482
426,UX38930,arizona,F,master,1036434.75,58327.0,129.0,0.0,Personal Auto,SUV,347.075948
427,HD95496,oregon,M,master,785190.14,25950.0,66.0,0.0,Personal Auto,Two-Door Car,271.697529
428,RX24650,oregon,M,high school or below,477294.38,20993.0,133.0,0.0,Corporate Auto,SUV,638.4
429,DW19309,oregon,M,high school or below,1422650.49,65726.0,177.0,0.0,Corporate Auto,SUV,849.6
430,MT41386,washington,M,bachelors,287543.24,84768.0,72.0,0.0,Personal Auto,Two-Door Car,110.484661
431,WZ40465,washington,F,bachelors,504129.96,36234.0,63.0,0.0,Personal Auto,Four-Door Car,113.534474
432,DB42794,california,M,college,436293.12,58842.0,110.0,0.0,Personal Auto,Four-Door Car,528.0
433,JB50798,oregon,F,master,962452.44,25629.0,124.0,2.0,Corporate Auto,Luxury,595.2
434,IP69763,washington,F,college,2191440.55,77311.0,181.0,0.0,Personal Auto,SUV,113.609508
435,TE35785,california,M,doctor,694842.22,0.0,196.0,2.0,Personal Auto,Luxury,1337.063487
436,HX74855,washington,M,high school or below,247152.84,95697.0,61.0,0.0,Personal Auto,Two-Door Car,114.273025
437,QN65180,oregon,F,bachelors,2190391.36,22254.0,79.0,0.0,Personal Auto,Four-Door Car,125.194389
438,GE47180,nevada,M,high school or below,902882.14,65974.0,113.0,0.0,Personal Auto,Luxury,235.220971
439,VQ38776,oregon,F,college,530375.95,0.0,76.0,0.0,Personal Auto,Four-Door Car,395.34111
440,BH86846,washington,M,high school or below,2070825.88,92079.0,65.0,1.0,Corporate Auto,Four-Door Car,114.798771
441,IN17648,nevada,M,high school or below,512376.81,0.0,74.0,0.0,Personal Auto,Two-Door Car,772.798511
442,DF95759,oregon,M,college,949234.3,0.0,132.0,0.0,Personal Auto,SUV,633.6
443,QG45324,oregon,F,high school or below,820486.32,0.0,73.0,0.0,Personal Auto,Four-Door Car,350.4
444,MN61620,arizona,F,college,987729.57,67752.0,131.0,4.0,Personal Auto,Luxury,168.517149
445,YH86390,california,F,bachelors,481500.97,25398.0,64.0,0.0,Corporate Auto,Four-Door Car,307.2
446,FY13480,california,M,high school or below,627701.17,0.0,88.0,0.0,Personal Auto,Four-Door Car,633.6
447,YH61661,california,M,high school or below,826063.98,33321.0,105.0,0.0,Special Auto,SUV,504.0
448,NL93182,nevada,M,bachelors,254945.0,0.0,78.0,0.0,Corporate Auto,Four-Door Car,845.654042
449,LN31673,washington,U,college,1131808.98,38923.0,99.0,2.0,Personal Auto,Four-Door Car,115.728852
450,WE68644,oregon,F,bachelors,380392.18,20325.0,100.0,0.0,Personal Auto,Luxury,668.29397
451,EZ30498,oregon,M,bachelors,863540.35,13129.0,117.0,0.0,Personal Auto,SUV,700.901632
452,QY74517,oregon,F,high school or below,551055.9,0.0,73.0,0.0,Personal Auto,Four-Door Car,525.6
453,NM88660,nevada,M,master,358588.41,49080.0,91.0,0.0,Corporate Auto,Four-Door Car,25.299
454,MZ82036,nevada,M,college,488925.28,42536.0,63.0,0.0,Personal Auto,Four-Door Car,375.330097
455,ID20929,oregon,M,bachelors,275694.17,29926.0,74.0,0.0,Corporate Auto,Four-Door Car,418.233667
456,EY50028,nevada,M,doctor,328954.74,0.0,86.0,0.0,Corporate Auto,Two-Door Car,398.240791
457,TT82373,california,F,bachelors,1093717.85,21450.0,138.0,0.0,Personal Auto,Luxury,938.513425
458,OH64088,california,M,high school or below,737556.79,33345.0,65.0,0.0,Corporate Auto,Four-Door Car,338.619869
459,SK97780,california,F,bachelors,1011077.82,15752.0,90.0,0.0,Corporate Auto,Two-Door Car,339.344531
460,IO33050,oregon,F,high school or below,511941.43,40169.0,65.0,1.0,Personal Auto,Four-Door Car,302.818833
461,XA55917,california,F,college,853383.2,26049.0,113.0,1.0,Personal Auto,SUV,619.165344
462,JK32620,nevada,M,college,222476.8,0.0,68.0,0.0,Personal Auto,Four-Door Car,326.4
463,RQ19236,arizona,M,doctor,804280.38,55411.0,100.0,0.0,Personal Auto,Luxury,259.561195
464,QC47433,oregon,M,college,255443.71,12459.0,70.0,0.0,Personal Auto,Four-Door Car,336.0
465,RA93608,oregon,M,bachelors,1807394.0,64620.0,76.0,1.0,Personal Auto,Two-Door Car,364.8
466,XH97711,california,M,bachelors,243050.66,83140.0,61.0,0.0,Corporate Auto,Four-Door Car,179.161843
467,AU96286,oregon,F,bachelors,316765.84,0.0,92.0,0.0,Corporate Auto,Four-Door Car,662.4
468,KC17170,arizona,F,bachelors,546560.4,54422.0,68.0,0.0,Corporate Auto,Four-Door Car,75.501852
469,ZN47335,california,M,college,1035751.42,68309.0,131.0,0.0,Corporate Auto,SUV,306.983596
470,EI46264,california,M,high school or below,253781.39,56621.0,65.0,2.0,Personal Auto,Four-Door Car,84.026848
471,EK87864,arizona,F,college,282194.72,38977.0,70.0,0.0,Special Auto,Four-Door Car,139.489926
472,GV45403,arizona,M,bachelors,775712.81,0.0,111.0,0.0,Corporate Auto,Two-Door Car,607.4459
473,QK31192,arizona,M,high school or below,407913.27,0.0,114.0,0.0,Corporate Auto,Two-Door Car,631.124372
474,LU89008,arizona,F,college,595554.46,0.0,83.0,0.0,Personal Auto,Four-Door Car,628.023494
475,NS10490,oregon,F,bachelors,1415861.36,83235.0,70.0,0.0,Personal Auto,Two-Door Car,336.0
476,KL98495,nevada,M,college,848723.8,0.0,74.0,0.0,Personal Auto,Two-Door Car,426.655599
477,IU96845,arizona,M,college,628547.69,32390.0,80.0,0.0,Personal Auto,Four-Door Car,91.417923
478,QL93655,oregon,F,high school or below,1147348.15,66538.0,95.0,0.0,Personal Auto,Two-Door Car,317.844812
479,PF40592,washington,F,college,494263.06,23285.0,65.0,0.0,Personal Auto,Two-Door Car,118.446235
480,LZ34046,oregon,M,bachelors,2359468.02,76358.0,66.0,0.0,Personal Auto,Four-Door Car,86.461582
481,JC80093,washington,M,master,257250.66,21104.0,66.0,0.0,Personal Auto,Four-Door Car,118.454974
482,YE88490,arizona,F,college,538089.86,55350.0,67.0,0.0,Personal Auto,Four-Door Car,321.6
483,YC80498,california,F,college,477055.09,12964.0,65.0,0.0,Personal Auto,Two-Door Car,362.774545
484,AI85843,arizona,F,master,675665.14,33288.0,86.0,2.0,Personal Auto,Four-Door Car,221.856184
485,XD66024,arizona,F,college,593601.18,0.0,84.0,0.0,Personal Auto,Four-Door Car,980.169081
486,FY51713,arizona,F,bachelors,357076.05,56168.0,88.0,0.0,Personal Auto,Four-Door Car,614.675906
487,PH26378,california,M,college,601996.05,0.0,92.0,0.0,Personal Auto,Four-Door Car,662.4
488,WQ18638,oregon,M,high school or below,542686.4,23105.0,69.0,0.0,Personal Auto,Two-Door Car,331.2
489,KY14688,oregon,F,master,273031.38,36218.0,68.0,0.0,Personal Auto,Four-Door Car,145.252168
490,TC97762,california,F,high school or below,498268.14,52275.0,62.0,0.0,Corporate Auto,Four-Door Car,374.240783
491,QC87108,oregon,F,college,876926.68,49665.0,74.0,0.0,Personal Auto,Four-Door Car,355.2
492,CX12134,nevada,M,high school or below,422061.35,32471.0,110.0,0.0,Personal Auto,Two-Door Car,528.0
493,SM73248,arizona,M,high school or below,1153750.51,0.0,86.0,1.0,Corporate Auto,Two-Door Car,619.2
494,CK19789,california,F,master,588718.2,62773.0,73.0,0.0,Personal Auto,Four-Door Car,80.669257
495,UV12583,california,F,college,470058.38,76694.0,117.0,0.0,Personal Auto,SUV,561.6
496,JC11405,oregon,M,high school or below,1096395.72,55687.0,276.0,0.0,Personal Auto,Luxury,1324.8
497,KA89683,arizona,F,high school or below,252317.12,0.0,70.0,0.0,Personal Auto,Four-Door Car,504.0
498,BG85305,nevada,M,doctor,375780.47,36633.0,96.0,1.0,Personal Auto,Four-Door Car,460.8
499,UQ87917,oregon,M,high school or below,1294173.35,77060.0,106.0,0.0,Personal Auto,SUV,468.566133
500,XN11823,nevada,F,bachelors,376446.51,92600.0,94.0,0.0,Corporate Auto,Two-Door Car,842.43785
501,OS46571,california,M,high school or below,688955.7,0.0,66.0,0.0,Personal Auto,Four-Door Car,475.2
502,PX17116,nevada,M,college,362345.42,0.0,111.0,2.0,Corporate Auto,SUV,1171.93117
503,RP19541,arizona,M,college,758211.38,64801.0,64.0,0.0,Personal Auto,Four-Door Car,268.471802
504,ZR25747,oregon,F,college,827774.56,45257.0,103.0,0.0,Corporate Auto,Two-Door Car,494.4
505,NQ86532,california,M,high school or below,257645.56,26854.0,66.0,0.0,Personal Auto,Four-Door Car,475.2
506,JY27336,oregon,F,college,820538.79,85840.0,102.0,2.0,Corporate Auto,SUV,138.722385
507,PB54378,oregon,F,doctor,1958246.89,26463.0,72.0,0.0,Corporate Auto,Four-Door Car,345.6
508,SV38190,nevada,F,bachelors,648152.66,30689.0,81.0,0.0,Personal Auto,Four-Door Car,467.24802
509,CV24005,oregon,M,high school or below,259931.09,29590.0,66.0,0.0,Corporate Auto,Two-Door Car,467.503236
510,EX28656,oregon,F,college,983033.76,25965.0,253.0,0.0,Personal Auto,Luxury,1214.4
511,CF57022,oregon,M,bachelors,1044265.14,17269.0,139.0,0.0,Personal Auto,SUV,667.2
512,GM16780,oregon,M,college,3605753.7,90330.0,137.0,3.0,Corporate Auto,Luxury,192.085299
513,BX94438,california,F,high school or below,847003.68,0.0,113.0,0.0,Corporate Auto,SUV,619.973889
514,RM41745,california,F,high school or below,827878.65,0.0,110.0,0.0,Personal Auto,Four-Door Car,1002.782553
515,XR70252,california,F,high school or below,478893.26,0.0,67.0,1.0,Personal Auto,Two-Door Car,321.6
516,YH92099,arizona,F,bachelors,308799.99,18558.0,80.0,0.0,Special Auto,Four-Door Car,384.0
517,SG81493,arizona,M,bachelors,444373.62,46384.0,113.0,0.0,Corporate Auto,Four-Door Car,251.774574
518,ZX23819,oregon,F,high school or below,798408.65,0.0,72.0,0.0,Personal Auto,Two-Door Car,866.208321
519,FJ54907,oregon,F,college,718097.1,42303.0,180.0,0.0,Personal Auto,Luxury,1210.920949
520,CU26127,california,F,bachelors,1565603.43,71731.0,130.0,0.0,Corporate Auto,SUV,599.648466
521,YH60476,oregon,M,high school or below,578018.22,51066.0,74.0,0.0,Corporate Auto,Four-Door Car,787.993313
522,ZZ97035,california,M,college,2071494.04,0.0,203.0,0.0,Corporate Auto,Luxury,2027.724442
523,GE82737,nevada,F,bachelors,533735.24,0.0,86.0,3.0,Personal Auto,Four-Door Car,619.2
524,KY21873,arizona,M,college,505082.62,0.0,69.0,0.0,Personal Auto,Two-Door Car,72.852047
525,UA51318,arizona,F,high school or below,511662.4,26173.0,68.0,1.0,Corporate Auto,Four-Door Car,449.819671
526,BV55014,oregon,M,bachelors,726873.7,24445.0,63.0,0.0,Personal Auto,Two-Door Car,302.4
527,HX21307,oregon,M,college,261661.39,72302.0,66.0,0.0,Personal Auto,Two-Door Car,316.8
528,LQ68252,oregon,M,high school or below,373843.62,27208.0,102.0,0.0,Personal Auto,SUV,489.6
529,CR92802,california,F,master,272535.64,36650.0,69.0,1.0,Special Auto,Four-Door Car,56.60333
530,SL35268,arizona,M,college,545386.12,30855.0,68.0,0.0,Corporate Auto,Four-Door Car,259.060862
531,RD62882,arizona,F,bachelors,684615.03,0.0,95.0,0.0,Personal Auto,Two-Door Car,456.0
532,JS42382,oregon,M,master,617291.42,99960.0,76.0,0.0,Corporate Auto,Four-Door Car,364.8
533,BT30554,arizona,F,bachelors,1034632.45,0.0,98.0,0.0,Personal Auto,Four-Door Car,470.4
534,VP57424,nevada,F,bachelors,699700.86,55873.0,88.0,0.0,Personal Auto,Four-Door Car,299.356083
535,VU19243,arizona,F,high school or below,419625.77,18052.0,111.0,0.0,Personal Auto,Four-Door Car,699.1679
536,TA82973,oregon,F,high school or below,785810.98,28937.0,104.0,2.0,Personal Auto,SUV,117.959654
537,GK71720,oregon,F,high school or below,606434.4,0.0,86.0,0.0,Personal Auto,Four-Door Car,545.240341
538,OQ61223,california,M,college,1749752.2,0.0,73.0,0.0,Personal Auto,Two-Door Car,350.4
539,LL62746,oregon,M,doctor,897064.73,12829.0,118.0,0.0,Personal Auto,SUV,328.231432
540,JQ56711,oregon,F,master,592311.72,92163.0,73.0,0.0,Personal Auto,Two-Door Car,66.568642
541,AW77988,oregon,M,high school or below,3585059.94,17588.0,192.0,0.0,Personal Auto,Luxury,1382.4
542,QP84605,washington,F,bachelors,870984.53,41546.0,111.0,0.0,Corporate Auto,Four-Door Car,121.306839
543,MY97912,arizona,M,college,1330933.52,0.0,127.0,0.0,Personal Auto,SUV,609.6
544,IB87349,california,M,high school or below,452850.49,70340.0,113.0,0.0,Special Auto,Four-Door Car,542.4
545,AW73065,oregon,F,high school or below,279190.65,0.0,74.0,0.0,Personal Auto,Four-Door Car,532.8
546,BW80872,washington,M,high school or below,443441.12,34549.0,111.0,0.0,Personal Auto,Four-Door Car,125.933005
547,PX70175,arizona,M,college,799600.75,93459.0,99.0,0.0,Personal Auto,Four-Door Car,655.41333
548,KF75098,arizona,M,bachelors,512973.9,86148.0,65.0,2.0,Personal Auto,Four-Door Car,312.0
549,IS50283,california,F,bachelors,569717.52,27048.0,72.0,0.0,Corporate Auto,Four-Door Car,345.6
550,MY64920,oregon,F,college,921713.06,73259.0,115.0,0.0,Personal Auto,SUV,673.34265
551,KN34250,oregon,F,college,1020892.76,35482.0,129.0,0.0,Corporate Auto,SUV,619.2
552,GN46207,oregon,F,master,417068.73,29462.0,107.0,1.0,Personal Auto,SUV,513.6
553,KL57176,oregon,F,college,450540.58,67801.0,115.0,1.0,Personal Auto,SUV,23.810491
554,MN94234,california,M,high school or below,310756.86,0.0,94.0,4.0,Personal Auto,Two-Door Car,451.2
555,JY90595,arizona,M,high school or below,552866.5,16042.0,73.0,0.0,Personal Auto,Two-Door Car,350.4
556,HK26543,california,M,high school or below,504586.67,28056.0,64.0,1.0,Personal Auto,Four-Door Car,307.2
557,PN86062,california,M,high school or below,296272.25,16495.0,85.0,3.0,Corporate Auto,Four-Door Car,408.0
558,VW27730,california,F,master,866595.64,41163.0,108.0,0.0,Corporate Auto,SUV,231.922173
559,SH55671,arizona,F,college,1141344.12,0.0,161.0,1.0,Personal Auto,Luxury,772.8
560,MO56878,california,M,bachelors,1548843.2,33799.0,109.0,3.0,Corporate Auto,SUV,664.980242
561,VO38365,washington,F,college,886114.95,90125.0,110.0,0.0,Corporate Auto,SUV,128.645946
562,SV35618,oregon,F,bachelors,593474.15,87747.0,147.0,1.0,Personal Auto,SUV,46.492039
563,RX12347,nevada,M,college,354323.21,35695.0,90.0,0.0,Personal Auto,Four-Door Car,432.0
564,FR55658,california,M,master,349002.83,90985.0,87.0,0.0,Personal Auto,Four-Door Car,78.085149
565,XS12556,california,F,college,368309.99,0.0,101.0,0.0,Corporate Auto,Luxury,564.466556
566,ZU73588,california,M,college,598977.39,66839.0,154.0,0.0,Personal Auto,Luxury,739.2
567,WT43034,california,F,high school or below,1250084.3,0.0,165.0,0.0,Personal Auto,SUV,792.0
568,VM13430,oregon,F,bachelors,860915.82,79090.0,107.0,0.0,Corporate Auto,SUV,289.040734
569,TC78849,oregon,M,bachelors,249745.51,24825.0,64.0,0.0,Personal Auto,Two-Door Car,155.938593
570,VC34764,california,M,college,701917.72,26806.0,63.0,0.0,Personal Auto,Four-Door Car,302.4
571,WO90953,oregon,F,college,538792.63,56835.0,67.0,0.0,Personal Auto,Two-Door Car,326.549425
572,IU47468,oregon,F,bachelors,616555.75,0.0,88.0,0.0,Special Auto,Two-Door Car,653.65668
573,KO46064,california,M,bachelors,273020.29,46135.0,69.0,0.0,Personal Auto,Four-Door Car,103.935601
574,RB34917,arizona,F,bachelors,516211.69,0.0,73.0,0.0,Personal Auto,Four-Door Car,809.532341
575,BI38192,oregon,F,high school or below,793706.48,22862.0,67.0,0.0,Personal Auto,Two-Door Car,321.6
576,PU18983,oregon,F,high school or below,860815.72,21450.0,110.0,2.0,Personal Auto,Luxury,528.0
577,SW79912,oregon,M,bachelors,263254.58,95854.0,65.0,0.0,Personal Auto,Two-Door Car,312.0
578,ES39217,oregon,F,bachelors,778500.42,44897.0,99.0,1.0,Personal Auto,Four-Door Car,580.72531
579,KP72427,washington,M,high school or below,2163983.86,64455.0,108.0,0.0,Personal Auto,SUV,133.735395
580,UA19178,oregon,F,master,498082.5,53265.0,62.0,0.0,Personal Auto,Four-Door Car,238.005074
581,PR53785,arizona,F,high school or below,745723.78,0.0,198.0,1.0,Personal Auto,Luxury,1577.674417
582,XF57481,washington,M,master,1064093.93,50450.0,90.0,0.0,Personal Auto,Two-Door Car,135.892444
583,CN90378,california,F,high school or below,686250.83,54780.0,88.0,3.0,Personal Auto,Four-Door Car,135.26125
584,KI56154,nevada,M,high school or below,904898.34,0.0,119.0,0.0,Personal Auto,Luxury,571.2
585,UI55951,california,M,bachelors,554803.19,67798.0,69.0,0.0,Personal Auto,Four-Door Car,331.2
586,FF28650,oregon,M,bachelors,831268.16,21442.0,118.0,0.0,Personal Auto,SUV,566.4
587,FS55302,california,M,bachelors,238998.1,27615.0,62.0,1.0,Personal Auto,Four-Door Car,297.6
588,TN79487,california,M,bachelors,445811.34,17622.0,65.0,1.0,Personal Auto,Four-Door Car,312.0
589,HG32616,nevada,M,high school or below,529574.17,50200.0,135.0,0.0,Personal Auto,Luxury,637.063458
590,UK41984,arizona,F,doctor,383960.61,0.0,112.0,2.0,Personal Auto,SUV,537.6
591,LZ52266,california,F,high school or below,373150.46,0.0,96.0,0.0,Personal Auto,Four-Door Car,460.8
592,PM27367,california,F,master,277890.37,73570.0,70.0,1.0,Special Auto,Two-Door Car,75.936096
593,ZK21724,oregon,F,high school or below,401654.2,0.0,111.0,0.0,Personal Auto,SUV,799.2
594,BH35482,washington,M,doctor,493094.93,70412.0,61.0,0.0,Corporate Auto,Two-Door Car,136.291083
595,QE22757,nevada,M,doctor,249131.7,36631.0,62.0,0.0,Personal Auto,Four-Door Car,67.530904
596,ON77649,oregon,F,college,290887.59,35895.0,73.0,0.0,Personal Auto,Four-Door Car,312.921256
597,RN82884,arizona,F,college,428294.8,40864.0,109.0,1.0,Personal Auto,SUV,166.937747
598,CQ75652,oregon,M,college,834162.37,0.0,118.0,0.0,Personal Auto,Four-Door Car,566.4
599,FF58467,arizona,F,master,509078.13,93018.0,63.0,0.0,Personal Auto,Four-Door Car,135.382194
600,BS83666,oregon,M,bachelors,736618.83,70014.0,62.0,0.0,Corporate Auto,Four-Door Car,17.742954
601,WO29605,oregon,F,college,243687.51,48875.0,61.0,0.0,Personal Auto,Two-Door Car,1.838367
602,TL77607,california,M,bachelors,885268.87,67969.0,74.0,0.0,Personal Auto,Four-Door Car,197.776009
603,EZ50606,oregon,F,high school or below,2387547.68,0.0,108.0,0.0,Corporate Auto,SUV,612.102262
604,OS39723,oregon,F,doctor,560049.65,68665.0,69.0,0.0,Personal Auto,Two-Door Car,331.2
605,FN69743,california,M,college,463654.65,26802.0,66.0,1.0,Corporate Auto,Two-Door Car,316.8
606,XW96958,nevada,M,high school or below,757334.51,0.0,110.0,0.0,Corporate Auto,Four-Door Car,1193.036154
607,TU92578,california,M,college,1469663.55,45345.0,125.0,0.0,Personal Auto,SUV,600.0
608,TL43709,washington,M,bachelors,897214.03,89689.0,74.0,0.0,Personal Auto,Four-Door Car,136.829537
609,YE68736,california,F,bachelors,772484.01,32051.0,193.0,1.0,Personal Auto,SUV,926.4
610,OB96537,oregon,M,master,594667.07,81139.0,74.0,0.0,Special Auto,Four-Door Car,392.6364
611,EU68825,oregon,F,master,800054.51,63834.0,100.0,1.0,Personal Auto,Luxury,215.226476
612,CC31456,arizona,M,bachelors,645756.1,37548.0,81.0,0.0,Special Auto,Four-Door Car,160.598662
613,DJ77787,arizona,F,high school or below,728144.01,0.0,69.0,3.0,Personal Auto,Four-Door Car,371.803029
614,LN26837,california,M,high school or below,259243.78,72421.0,65.0,0.0,Personal Auto,Four-Door Car,312.0
615,YI92916,nevada,M,master,467842.34,83102.0,116.0,0.0,Corporate Auto,Four-Door Car,443.670399
616,NW54906,oregon,M,college,1386992.71,28432.0,118.0,0.0,Personal Auto,SUV,612.300581
617,ME77513,nevada,F,master,871777.78,83707.0,108.0,0.0,Corporate Auto,Four-Door Car,290.391526
618,UK76891,california,F,college,523398.68,63259.0,65.0,0.0,Corporate Auto,Four-Door Car,316.795337
619,SI26888,nevada,F,high school or below,476418.97,0.0,67.0,0.0,Personal Auto,Four-Door Car,405.527937
620,YD74948,oregon,F,college,247246.92,63860.0,62.0,0.0,Personal Auto,Four-Door Car,208.598246
621,HB64268,washington,M,bachelors,281369.26,43836.0,73.0,0.0,Personal Auto,Four-Door Car,138.130879
622,BW52697,california,F,college,550505.7,86132.0,68.0,0.0,Personal Auto,Two-Door Car,301.437365
623,NL41409,oregon,F,bachelors,260620.85,28519.0,66.0,0.0,Personal Auto,Two-Door Car,456.473115
624,OD69005,arizona,F,high school or below,1048194.38,39102.0,88.0,0.0,Personal Auto,Four-Door Car,152.338562
625,ZZ91716,california,F,bachelors,325676.64,0.0,89.0,0.0,Personal Auto,Four-Door Car,491.755368
626,UK70255,california,F,college,3047578.05,97298.0,128.0,0.0,Personal Auto,Luxury,48.517439
627,QT25383,nevada,M,high school or below,636490.22,41986.0,84.0,2.0,Personal Auto,Two-Door Car,430.375049
628,AW18068,arizona,M,high school or below,946850.93,0.0,88.0,0.0,Personal Auto,Two-Door Car,633.6
629,NS45347,oregon,F,college,563145.19,17291.0,73.0,0.0,Personal Auto,Four-Door Car,350.4
630,FV19421,california,M,bachelors,778099.93,0.0,74.0,0.0,Personal Auto,Four-Door Car,246.489123
631,XW89091,california,M,college,981652.83,37256.0,62.0,0.0,Personal Auto,Four-Door Car,128.969729
632,YC11951,oregon,M,high school or below,751913.36,96306.0,95.0,1.0,Corporate Auto,Four-Door Car,185.355353
633,UY18770,california,F,bachelors,1017971.7,14290.0,271.0,0.0,Personal Auto,Luxury,1300.8
634,RA49085,california,F,college,277283.92,37038.0,71.0,1.0,Corporate Auto,Four-Door Car,9.071305
635,BG84194,oregon,M,college,403750.18,90760.0,103.0,2.0,Special Auto,SUV,133.475315
636,PT64580,washington,M,master,419196.61,77048.0,103.0,0.0,Personal Auto,SUV,141.199465
637,MR67738,oregon,F,high school or below,267686.79,54480.0,67.0,0.0,Personal Auto,Four-Door Car,321.6
638,DM95829,california,M,college,252395.96,16244.0,68.0,0.0,Personal Auto,Two-Door Car,623.223617
639,DB75522,california,F,college,698840.16,22436.0,89.0,0.0,Special Auto,Four-Door Car,427.2
640,LM34525,washington,F,college,874205.78,71592.0,72.0,0.0,Personal Auto,Four-Door Car,141.725051
641,WW30771,arizona,M,master,267331.96,28728.0,67.0,0.0,Personal Auto,Four-Door Car,321.6
642,QP65569,arizona,M,high school or below,1215732.99,57449.0,103.0,0.0,Personal Auto,Four-Door Car,494.4
643,TN50051,california,F,doctor,295776.4,83318.0,73.0,0.0,Personal Auto,Two-Door Car,211.336937
644,UO86707,washington,M,bachelors,717390.94,75217.0,61.0,1.0,Personal Auto,Four-Door Car,147.080303
645,JA41698,nevada,M,bachelors,309953.8,0.0,102.0,5.0,Corporate Auto,SUV,862.762957
646,NX18774,oregon,M,bachelors,841568.46,55308.0,107.0,0.0,Corporate Auto,SUV,513.6
647,DA69469,oregon,F,college,2684312.45,36068.0,97.0,0.0,Personal Auto,Two-Door Car,113.367765
648,CN23147,oregon,M,bachelors,1305717.07,48804.0,112.0,1.0,Corporate Auto,Four-Door Car,537.6
649,RA68844,oregon,M,college,959995.02,0.0,131.0,0.0,Personal Auto,SUV,943.2
650,GH42026,oregon,M,bachelors,853510.89,55790.0,111.0,0.0,Personal Auto,SUV,117.672722
651,BD16530,arizona,F,bachelors,829348.19,70258.0,69.0,0.0,Personal Auto,Four-Door Car,225.145949
652,JH91579,oregon,F,bachelors,684615.03,0.0,95.0,0.0,Personal Auto,Two-Door Car,456.0
653,WK23685,oregon,F,bachelors,663685.98,47274.0,83.0,1.0,Corporate Auto,Four-Door Car,182.432565
654,GR62267,washington,F,college,560908.25,44705.0,71.0,0.0,Personal Auto,Two-Door Car,148.173152
655,PI78084,arizona,M,high school or below,507732.09,0.0,73.0,0.0,Personal Auto,Two-Door Car,525.6
656,GF97874,washington,F,master,527562.7,70446.0,65.0,0.0,Personal Auto,Four-Door Car,155.570802
657,ZH19885,washington,F,high school or below,251459.2,43860.0,65.0,0.0,Personal Auto,Four-Door Car,156.124914
658,UK25655,oregon,F,bachelors,343525.01,64348.0,86.0,0.0,Personal Auto,Two-Door Car,212.391975
659,QR45101,oregon,M,bachelors,662461.18,0.0,62.0,0.0,Corporate Auto,Two-Door Car,297.6
660,EL93539,california,M,master,575744.23,88997.0,72.0,0.0,Special Auto,Four-Door Car,174.041566
661,EE99484,washington,F,high school or below,251459.2,43860.0,65.0,0.0,Corporate Auto,Four-Door Car,156.124914
662,DP46882,california,F,high school or below,288645.16,10312.0,78.0,0.0,Corporate Auto,Four-Door Car,486.278557
663,WP41146,california,F,high school or below,534143.88,0.0,72.0,1.0,Personal Auto,Four-Door Car,345.6
664,TK60799,arizona,F,high school or below,416001.81,96263.0,103.0,0.0,Personal Auto,SUV,1.924709
665,DN29808,california,F,college,284624.54,28919.0,72.0,0.0,Corporate Auto,Four-Door Car,518.4
666,SS59521,oregon,F,college,477025.66,0.0,68.0,1.0,Personal Auto,Two-Door Car,326.4
667,NG66579,oregon,M,bachelors,505961.62,41869.0,64.0,0.0,Personal Auto,Two-Door Car,262.12205
668,TC14209,arizona,F,high school or below,909574.46,0.0,128.0,0.0,Personal Auto,SUV,921.6
669,ED50963,california,F,high school or below,268886.4,32808.0,68.0,1.0,Personal Auto,Four-Door Car,541.695658
670,GP40701,california,F,bachelors,827763.76,79780.0,68.0,0.0,Personal Auto,Four-Door Car,326.4
671,CP98451,oregon,F,college,905793.53,91025.0,112.0,0.0,Personal Auto,SUV,327.682669
672,NX52648,california,F,high school or below,380175.04,33043.0,95.0,0.0,Personal Auto,Two-Door Car,456.0
673,ZC32510,arizona,M,high school or below,933934.16,69442.0,118.0,3.0,Personal Auto,Four-Door Car,1265.570302
674,NG27780,oregon,M,college,252012.32,0.0,70.0,0.0,Corporate Auto,Four-Door Car,63.043197
675,HN95240,arizona,F,college,498409.53,0.0,70.0,0.0,Corporate Auto,Four-Door Car,336.0
676,EB59129,oregon,F,bachelors,259574.8,47234.0,65.0,0.0,Personal Auto,Four-Door Car,15.631363
677,RA70851,oregon,M,high school or below,743769.33,86863.0,92.0,0.0,Personal Auto,Four-Door Car,441.6
678,PM19162,oregon,M,bachelors,1453678.76,25805.0,66.0,2.0,Personal Auto,Four-Door Car,375.866091
679,MS59005,nevada,M,bachelors,591330.59,43676.0,76.0,0.0,Personal Auto,Four-Door Car,364.8
680,SU71163,arizona,M,college,277166.3,59855.0,74.0,4.0,Personal Auto,Two-Door Car,355.2
681,BD35676,arizona,M,master,2919436.64,35296.0,126.0,0.0,Personal Auto,SUV,452.616872
682,NI44621,oregon,F,master,988038.58,36576.0,125.0,1.0,Personal Auto,SUV,113.450122
683,EW33419,california,F,high school or below,1511440.24,28513.0,100.0,1.0,Corporate Auto,SUV,480.0
684,HX44948,oregon,M,bachelors,575991.08,85448.0,72.0,0.0,Special Auto,Four-Door Car,16.03451
685,DL36983,oregon,F,high school or below,849516.42,23791.0,110.0,3.0,Personal Auto,Two-Door Car,615.27228
686,XR87264,california,F,bachelors,438118.42,20597.0,112.0,0.0,Personal Auto,Four-Door Car,615.256301
687,NN99001,arizona,F,college,699782.74,56940.0,87.0,0.0,Personal Auto,Four-Door Car,512.66245
688,XV95530,oregon,M,bachelors,1143058.85,93210.0,71.0,0.0,Personal Auto,Two-Door Car,74.523935
689,OL97871,oregon,F,bachelors,748248.61,48992.0,94.0,1.0,Personal Auto,Four-Door Car,426.072946
690,HQ23708,arizona,F,master,859691.66,53736.0,71.0,0.0,Personal Auto,Two-Door Car,169.287785
691,WR63188,arizona,M,college,785496.08,25378.0,66.0,1.0,Personal Auto,Four-Door Car,419.464143
692,NG82219,oregon,F,bachelors,258240.85,76731.0,64.0,0.0,Personal Auto,Four-Door Car,201.455005
693,KU29408,washington,M,master,907576.82,37722.0,116.0,0.0,Corporate Auto,Luxury,158.077504
694,RE46783,california,F,bachelors,411858.86,69379.0,103.0,0.0,Personal Auto,Two-Door Car,494.4
695,RU94434,oregon,M,high school or below,1215732.99,57449.0,103.0,0.0,Personal Auto,Four-Door Car,494.4
696,GI82355,arizona,M,bachelors,515281.96,0.0,68.0,0.0,Corporate Auto,Four-Door Car,326.4
697,VO26340,nevada,M,college,651297.65,0.0,93.0,0.0,Personal Auto,Two-Door Car,669.6
698,NV61299,arizona,F,bachelors,2778969.24,33806.0,89.0,0.0,Corporate Auto,Four-Door Car,395.729716
699,DX31066,washington,F,college,266727.0,94041.0,66.0,0.0,Personal Auto,Four-Door Car,159.756733
700,CY50337,oregon,F,college,1092840.71,74965.0,90.0,0.0,Personal Auto,Four-Door Car,58.557552
701,TJ20375,arizona,F,high school or below,761538.13,34095.0,63.0,0.0,Personal Auto,Two-Door Car,302.4
702,EP72155,california,F,college,200435.07,0.0,66.0,4.0,Personal Auto,Four-Door Car,316.8
703,JJ76159,california,M,college,243468.12,96045.0,61.0,0.0,Corporate Auto,Four-Door Car,8.582971
704,BG15419,nevada,F,bachelors,1419536.03,86355.0,118.0,0.0,Personal Auto,Luxury,285.418473
705,AO74776,california,F,high school or below,942768.49,27824.0,118.0,0.0,Personal Auto,SUV,566.4
706,HQ82233,california,M,high school or below,1198242.09,42995.0,101.0,0.0,Personal Auto,SUV,410.508316
707,OL72737,oregon,F,high school or below,310278.95,21235.0,79.0,0.0,Personal Auto,Two-Door Car,244.23135
708,ZQ59828,california,M,high school or below,422263.12,74585.0,106.0,0.0,Personal Auto,SUV,218.598065
709,NZ15548,oregon,M,bachelors,402381.44,41833.0,103.0,0.0,Personal Auto,Four-Door Car,643.826716
710,XK61304,california,F,college,529715.18,23908.0,70.0,0.0,Personal Auto,Four-Door Car,336.0
711,EJ44139,oregon,M,bachelors,2142363.72,0.0,65.0,0.0,Personal Auto,Two-Door Car,312.0
712,CM94425,arizona,M,bachelors,441620.62,61953.0,113.0,0.0,Personal Auto,SUV,497.047297
713,OV54878,california,M,bachelors,463903.52,0.0,142.0,0.0,Corporate Auto,SUV,1022.4
714,JF57282,nevada,M,bachelors,486354.46,0.0,137.0,0.0,Personal Auto,SUV,657.6
715,MY37953,arizona,F,bachelors,2583090.98,73760.0,107.0,1.0,Personal Auto,Luxury,230.245772
716,XP64922,oregon,F,college,297431.49,23333.0,74.0,0.0,Corporate Auto,Four-Door Car,5.622751
717,WL65572,california,M,college,206445.88,0.0,61.0,0.0,Personal Auto,Four-Door Car,292.8
718,LN50325,arizona,F,high school or below,1006460.83,20440.0,128.0,2.0,Corporate Auto,Luxury,614.4
719,HJ15383,washington,M,master,803240.19,27658.0,68.0,0.0,Personal Auto,Four-Door Car,160.07526
720,KH59823,california,M,college,548921.41,50943.0,139.0,0.0,Special Auto,SUV,667.2
721,YM79169,california,M,bachelors,261275.67,19003.0,71.0,0.0,Personal Auto,Two-Door Car,34.651305
722,DR38127,california,M,college,857346.39,46703.0,108.0,0.0,Personal Auto,Four-Door Car,678.100487
723,PU42145,california,M,bachelors,2412750.4,14072.0,71.0,0.0,Personal Auto,Four-Door Car,511.2
724,KM33477,oregon,M,college,855038.66,21733.0,73.0,0.0,Corporate Auto,Four-Door Car,525.6
725,RI53167,arizona,M,bachelors,230864.8,20811.0,61.0,0.0,Personal Auto,Four-Door Car,292.8
726,OF77789,arizona,F,high school or below,425462.07,11904.0,61.0,2.0,Personal Auto,Two-Door Car,292.8
727,YB33445,oregon,F,college,898285.04,43490.0,114.0,4.0,Corporate Auto,SUV,174.588413
728,BA17836,california,M,high school or below,786816.6,57340.0,67.0,0.0,Corporate Auto,Four-Door Car,159.391681
729,JS43228,california,M,college,770424.87,49088.0,97.0,0.0,Corporate Auto,Four-Door Car,698.4
730,BB11622,nevada,M,master,1055217.0,47761.0,131.0,0.0,Personal Auto,SUV,232.711071
731,HQ70429,washington,F,college,1604510.95,0.0,65.0,0.0,Personal Auto,Two-Door Car,163.046956
732,WK88044,arizona,M,bachelors,873783.75,61281.0,110.0,0.0,Personal Auto,SUV,79.865605
733,LA80525,nevada,M,bachelors,545489.07,0.0,82.0,1.0,Corporate Auto,Two-Door Car,393.6
734,EH16250,arizona,M,bachelors,770528.33,25290.0,66.0,0.0,Personal Auto,Four-Door Car,382.085897
735,PU41872,arizona,F,high school or below,703926.24,24239.0,88.0,0.0,Personal Auto,Four-Door Car,48.348319
736,HB85743,california,M,bachelors,883808.56,82664.0,114.0,3.0,Personal Auto,SUV,133.425609
737,MM71959,arizona,M,bachelors,873352.73,83210.0,110.0,0.0,Personal Auto,Luxury,528.0
738,MB83663,oregon,F,bachelors,959747.48,38736.0,81.0,0.0,Personal Auto,Two-Door Car,561.414794
739,KR43119,california,M,college,450666.02,0.0,66.0,0.0,Personal Auto,Four-Door Car,316.8
740,KH24214,oregon,M,college,1785797.23,55437.0,64.0,1.0,Personal Auto,Four-Door Car,445.287788
741,AC40767,washington,M,bachelors,249780.82,68041.0,6464.0,0.0,Personal Auto,Two-Door Car,165.570243
742,HP55391,oregon,M,master,542613.62,0.0,71.0,0.0,Corporate Auto,Four-Door Car,407.99684
743,EG62398,california,F,high school or below,799814.38,29066.0,100.0,0.0,Personal Auto,SUV,844.229478
744,VS19949,nevada,M,bachelors,289762.07,54337.0,72.0,0.0,Personal Auto,Four-Door Car,345.6
745,AM92343,oregon,F,high school or below,1159950.22,67616.0,96.0,0.0,Personal Auto,Four-Door Car,340.306584
746,GI68556,california,F,bachelors,1514793.06,41082.0,63.0,0.0,Personal Auto,Two-Door Car,106.647493
747,JT11876,washington,F,high school or below,543576.78,0.0,10202.0,0.0,Personal Auto,Four-Door Car,626.116259
748,XR64251,nevada,F,master,272535.64,36650.0,69.0,1.0,Personal Auto,Four-Door Car,56.60333
749,MK34957,oregon,F,college,1329771.23,50631.0,112.0,4.0,Special Auto,SUV,784.65781
750,GP18756,california,M,college,992704.97,19592.0,92.0,0.0,Personal Auto,Four-Door Car,441.6
751,AP23850,washington,F,high school or below,1777154.9,0.0,114.0,0.0,Personal Auto,Two-Door Car,547.2
752,KQ65521,arizona,F,college,1826927.02,55761.0,115.0,0.0,Personal Auto,Luxury,86.27772
753,EJ19449,california,F,college,272221.07,17576.0,71.0,0.0,Special Auto,Four-Door Car,398.502948
754,QB70027,california,F,bachelors,708321.24,41449.0,89.0,0.0,Personal Auto,Four-Door Car,63.516572
755,QW47320,california,F,bachelors,1017971.7,14290.0,271.0,0.0,Personal Auto,Luxury,1300.8
756,KH64733,nevada,F,college,588950.91,62007.0,73.0,0.0,Personal Auto,Four-Door Car,120.015609
757,ON59472,arizona,M,high school or below,1577139.34,21921.0,206.0,0.0,Corporate Auto,Luxury,1254.137899
758,HP94242,arizona,F,bachelors,528817.33,42621.0,66.0,0.0,Personal Auto,Four-Door Car,316.8
759,RV15398,oregon,M,college,2758055.4,0.0,87.0,1.0,Personal Auto,Four-Door Car,417.6
760,EA25683,washington,M,high school or below,777853.23,63786.0,196.0,0.0,Corporate Auto,Luxury,798.002689
761,PW73754,california,F,high school or below,734186.13,0.0,104.0,3.0,Personal Auto,Luxury,82.041684
762,MC71942,california,F,high school or below,791919.7,82877.0,99.0,1.0,Personal Auto,Two-Door Car,22.819088
763,OX72195,arizona,M,college,216387.02,0.0,63.0,0.0,Corporate Auto,Two-Door Car,302.4
764,YQ99152,nevada,M,high school or below,978780.88,10475.0,88.0,1.0,Personal Auto,Two-Door Car,422.4
765,KI19439,oregon,F,high school or below,520764.08,21952.0,66.0,0.0,Personal Auto,Four-Door Car,316.8
766,PM76175,oregon,F,bachelors,2114727.72,49721.0,132.0,0.0,Corporate Auto,Luxury,639.971388
767,US45383,california,M,college,1228076.66,88340.0,102.0,0.0,Personal Auto,Two-Door Car,489.6
768,GT38956,california,F,college,244139.42,0.0,65.0,0.0,Personal Auto,Four-Door Car,312.0
769,SN41301,oregon,M,bachelors,653556.06,0.0,65.0,0.0,Corporate Auto,Four-Door Car,468.0
770,BE62503,washington,F,college,920659.83,24589.0,82.0,0.0,Personal Auto,Two-Door Car,511.497882
771,PA16884,california,F,bachelors,411858.86,69379.0,103.0,0.0,Personal Auto,Two-Door Car,494.4
772,NC58480,nevada,F,bachelors,483820.9,73769.0,61.0,2.0,Personal Auto,Four-Door Car,239.540223
773,NS39326,california,F,college,462554.81,66670.0,114.0,0.0,Personal Auto,SUV,518.180364
774,PN18507,arizona,M,bachelors,1404210.3,88854.0,118.0,0.0,Personal Auto,Two-Door Car,715.252366
775,EK91340,oregon,M,bachelors,754661.35,31266.0,193.0,0.0,Corporate Auto,Luxury,926.4
776,JY16280,california,F,high school or below,251459.2,43860.0,65.0,0.0,Personal Auto,Four-Door Car,156.124914
777,ZW71731,california,M,bachelors,517035.84,89284.0,133.0,2.0,Corporate Auto,SUV,402.070719
778,ZC24631,oregon,M,college,1391737.72,67267.0,89.0,0.0,Corporate Auto,Four-Door Car,94.814032
779,YR34689,california,F,high school or below,1131813.08,79270.0,95.0,3.0,Personal Auto,Four-Door Car,456.0
780,RT65829,oregon,M,bachelors,427636.36,36692.0,109.0,1.0,Personal Auto,Four-Door Car,523.2
781,BZ12077,oregon,F,high school or below,432224.03,0.0,119.0,0.0,Personal Auto,SUV,571.2
782,WM65373,california,F,college,800230.83,0.0,107.0,0.0,Corporate Auto,SUV,513.6
783,NH35059,nevada,M,college,388545.64,0.0,105.0,0.0,Corporate Auto,Four-Door Car,504.0
784,QD38160,oregon,M,college,447177.82,0.0,135.0,0.0,Personal Auto,SUV,972.0
785,BM15160,california,F,high school or below,849635.28,44624.0,71.0,1.0,Special Auto,Four-Door Car,73.883044
786,VY79030,arizona,F,college,2250088.35,0.0,71.0,0.0,Corporate Auto,Four-Door Car,340.8
787,EV19512,nevada,F,master,1630196.76,19614.0,85.0,0.0,Personal Auto,Two-Door Car,574.024018
788,TE13577,oregon,F,college,231973.59,0.0,64.0,0.0,Personal Auto,Four-Door Car,632.715382
789,WY97929,arizona,M,college,871704.98,83846.0,74.0,3.0,Special Auto,Four-Door Car,355.2
790,YG20683,washington,M,college,286011.17,51159.0,72.0,0.0,Personal Auto,Four-Door Car,4.238626
791,FK75497,california,M,college,245340.83,83772.0,62.0,0.0,Personal Auto,Two-Door Car,42.248087
792,NE60110,arizona,M,college,598977.39,66839.0,154.0,0.0,Personal Auto,Luxury,739.2
793,TN36521,arizona,F,college,2498022.55,88440.0,70.0,0.0,Personal Auto,Two-Door Car,27.145151
794,HG33568,arizona,F,master,748263.95,25666.0,63.0,2.0,Personal Auto,Four-Door Car,270.002766
795,TW17878,oregon,F,high school or below,245757.6,52926.0,61.0,0.0,Personal Auto,Four-Door Car,292.8
796,ZO83562,nevada,F,bachelors,237974.12,0.0,67.0,0.0,Personal Auto,Four-Door Car,494.946438
797,CH97539,washington,F,bachelors,828696.44,40001.0,70.0,0.0,Personal Auto,Four-Door Car,142.567008
798,CV29889,california,M,college,239391.54,0.0,70.0,0.0,Personal Auto,Four-Door Car,425.266308
799,MO33320,oregon,M,college,465715.95,18024.0,65.0,0.0,Personal Auto,Two-Door Car,312.0
800,QZ81258,oregon,F,college,1319792.89,0.0,68.0,3.0,Personal Auto,Four-Door Car,326.4
801,NY56352,oregon,F,bachelors,280391.67,23220.0,74.0,0.0,Personal Auto,Four-Door Car,251.334247
802,EA27048,california,F,high school or below,864650.41,64125.0,108.0,0.0,Personal Auto,SUV,369.818708
803,UT38865,oregon,F,college,742587.06,58042.0,62.0,0.0,Corporate Auto,Four-Door Car,161.419528
804,QC89139,oregon,F,high school or below,452873.74,90034.0,112.0,0.0,Corporate Auto,SUV,537.6
805,LA14484,nevada,M,high school or below,222707.28,27972.0,61.0,0.0,Special Auto,Four-Door Car,292.8
806,HN57556,california,F,high school or below,729294.88,0.0,65.0,0.0,Personal Auto,Four-Door Car,312.0
807,CV31235,arizona,M,bachelors,318435.52,50989.0,80.0,0.0,Corporate Auto,Four-Door Car,255.999709
808,WR45726,arizona,F,bachelors,1131520.37,11885.0,101.0,0.0,Special Auto,Four-Door Car,484.8
809,LB25094,california,F,bachelors,253070.51,89451.0,63.0,0.0,Special Auto,Four-Door Car,61.769564
810,KW56110,oregon,M,bachelors,1836155.53,0.0,182.0,0.0,Personal Auto,Luxury,1310.4
811,XO36233,washington,M,bachelors,864153.0,78904.0,109.0,0.0,Personal Auto,SUV,250.001424
812,ZX86243,arizona,M,doctor,327853.19,70247.0,83.0,1.0,Personal Auto,Four-Door Car,141.799422
813,DW29763,arizona,M,high school or below,527198.21,32653.0,67.0,0.0,Personal Auto,Two-Door Car,321.6
814,CT83377,washington,M,high school or below,376363.77,93595.0,97.0,4.0,Special Auto,Four-Door Car,49.797016
815,OQ90898,california,M,master,1395556.96,90279.0,115.0,0.0,Personal Auto,SUV,372.175592
816,GO77248,oregon,F,college,500152.75,0.0,72.0,0.0,Personal Auto,Four-Door Car,542.14385
817,QW33258,california,M,bachelors,708283.04,53310.0,189.0,3.0,Personal Auto,Luxury,1360.8
818,OU79745,california,M,college,761948.28,0.0,105.0,0.0,Personal Auto,Four-Door Car,504.0
819,VZ79886,oregon,F,bachelors,1255088.2,22234.0,160.0,0.0,Personal Auto,SUV,768.0
820,FI92440,washington,F,high school or below,3219660.04,91375.0,99.0,0.0,Personal Auto,Two-Door Car,72.632934
821,YG85980,nevada,F,high school or below,679377.41,22250.0,86.0,0.0,Personal Auto,Two-Door Car,720.601429
822,QM74621,oregon,M,bachelors,527231.97,0.0,80.0,0.0,Personal Auto,Four-Door Car,576.0
823,EI71732,oregon,F,doctor,626534.33,0.0,84.0,1.0,Personal Auto,Four-Door Car,481.025786
824,VN79010,california,F,high school or below,854758.61,51179.0,71.0,0.0,Corporate Auto,Four-Door Car,466.176731
825,FI61723,california,M,bachelors,278742.37,38667.0,72.0,0.0,Personal Auto,Four-Door Car,159.266473
826,OH55411,california,F,master,462680.11,79487.0,114.0,0.0,Corporate Auto,SUV,547.2
827,TF10720,nevada,F,doctor,866336.4,67763.0,107.0,2.0,Personal Auto,Four-Door Car,41.283167
828,NW30838,nevada,M,high school or below,387222.22,0.0,62.0,2.0,Corporate Auto,Four-Door Car,503.808329
829,CB58476,oregon,F,college,517081.15,0.0,71.0,0.0,Corporate Auto,Four-Door Car,859.599411
830,WI69346,california,F,master,896028.02,71943.0,112.0,0.0,Corporate Auto,SUV,305.653785
831,FS76657,oregon,F,college,547183.43,53526.0,68.0,0.0,Personal Auto,Four-Door Car,278.902846
832,YX89016,oregon,M,college,3493100.17,35005.0,295.0,0.0,Personal Auto,Luxury,1416.0
833,PK28821,california,M,college,262039.23,24721.0,67.0,0.0,Personal Auto,Four-Door Car,139.963594
834,MB51200,washington,M,college,1906949.95,0.0,102.0,2.0,Personal Auto,Four-Door Car,734.4
835,XG44587,arizona,M,master,575744.23,88997.0,72.0,0.0,Personal Auto,Four-Door Car,174.041566
836,FG91922,arizona,M,master,4022401.36,48587.0,111.0,0.0,Personal Auto,SUV,532.8
837,OM99303,arizona,F,high school or below,270148.83,76310.0,67.0,0.0,Personal Auto,Two-Door Car,321.6
838,RV67546,california,M,bachelors,371243.05,73205.0,92.0,0.0,Personal Auto,Four-Door Car,37.299865
839,UJ79253,oregon,F,college,2185084.0,51056.0,78.0,0.0,Personal Auto,Four-Door Car,95.816516
840,PN98247,california,M,college,784016.58,58414.0,210.0,2.0,Personal Auto,Luxury,1008.0
841,IB67546,california,F,bachelors,823703.79,23940.0,107.0,0.0,Personal Auto,SUV,513.6
842,OE19087,california,F,high school or below,224347.39,0.0,62.0,0.0,Personal Auto,Four-Door Car,446.4
843,CM95716,california,M,bachelors,843446.41,44216.0,71.0,0.0,Personal Auto,Four-Door Car,72.205362
844,MW62634,california,M,high school or below,222707.28,27972.0,61.0,0.0,Corporate Auto,Four-Door Car,292.8
845,QW67581,arizona,F,high school or below,517002.6,0.0,69.0,0.0,Personal Auto,Four-Door Car,331.2
846,SN16059,california,F,master,264144.61,29305.0,66.0,0.0,Personal Auto,Four-Door Car,475.2
847,OE51254,california,F,college,279068.3,53882.0,69.0,0.0,Personal Auto,Four-Door Car,331.2
848,RM42344,oregon,M,college,274512.98,91757.0,69.0,1.0,Personal Auto,Four-Door Car,331.2
849,GB35238,california,F,bachelors,757953.27,33906.0,64.0,0.0,Personal Auto,Two-Door Car,401.592109
850,ML82674,oregon,M,bachelors,1097878.03,68158.0,139.0,1.0,Personal Auto,SUV,253.183568
851,EI85244,california,M,college,825506.01,0.0,134.0,3.0,Personal Auto,SUV,643.2
852,DE28132,oregon,M,college,474773.46,42165.0,123.0,0.0,Corporate Auto,SUV,799.673766
853,TV25678,washington,M,college,354090.43,0.0,101.0,0.0,Personal Auto,SUV,727.2
854,TY26512,california,M,doctor,343613.43,30817.0,88.0,0.0,Personal Auto,Four-Door Car,91.834668
855,OB69153,california,M,bachelors,258218.53,68074.0,65.0,0.0,Personal Auto,Four-Door Car,27.987867
856,QZ77637,washington,F,college,1166509.78,84978.0,35353.0,1.0,Corporate Auto,Four-Door Car,166.77296
857,XN41715,california,F,master,739628.37,71135.0,92.0,1.0,Personal Auto,Four-Door Car,270.563995
858,QR15857,california,F,college,433079.98,0.0,61.0,0.0,Personal Auto,Two-Door Car,292.8
859,FL69363,oregon,M,master,907576.82,37722.0,116.0,0.0,Personal Auto,Luxury,158.077504
860,IS30295,arizona,F,bachelors,1463545.16,0.0,139.0,0.0,Personal Auto,SUV,667.2
861,WA25797,washington,M,high school or below,856476.82,95697.0,107.0,0.0,Personal Auto,Luxury,178.006524
862,NL59519,california,F,college,1156568.75,64642.0,96.0,0.0,Personal Auto,Four-Door Car,404.265696
863,ZU93025,oregon,F,college,277104.5,50071.0,71.0,0.0,Personal Auto,Two-Door Car,18.918935
864,DK94262,oregon,M,high school or below,850712.88,46754.0,106.0,1.0,Personal Auto,SUV,513.818403
865,UQ30615,california,M,college,758211.38,64801.0,64.0,0.0,Corporate Auto,Four-Door Car,268.471802
866,OR40060,arizona,M,bachelors,332309.25,70410.0,83.0,0.0,Personal Auto,Four-Door Car,131.828507
867,DK32872,nevada,F,high school or below,523433.17,66957.0,131.0,1.0,Personal Auto,SUV,628.8
868,FA46418,nevada,F,high school or below,2470959.96,24213.0,78.0,1.0,Personal Auto,Four-Door Car,374.4
869,ER19995,washington,F,college,1778627.78,99790.0,6464.0,0.0,Personal Auto,Four-Door Car,178.986788
870,KI75855,oregon,M,master,255122.67,79751.0,63.0,0.0,Personal Auto,Two-Door Car,392.235698
871,ND41876,arizona,M,high school or below,724771.37,86122.0,182.0,1.0,Personal Auto,Luxury,873.6
872,PN21042,arizona,M,bachelors,453884.78,82297.0,116.0,0.0,Personal Auto,Luxury,0.382107
873,GJ43254,washington,M,college,3164210.46,89057.0,98.0,0.0,Corporate Auto,Two-Door Car,187.363583
874,AL46984,california,M,high school or below,873042.2,43259.0,73.0,0.0,Personal Auto,Four-Door Car,350.4
875,JP58047,oregon,M,college,833273.06,0.0,79.0,0.0,Personal Auto,Four-Door Car,379.2
876,ZE85014,california,M,college,235774.7,25064.0,62.0,0.0,Personal Auto,Four-Door Car,297.6
877,KU88219,arizona,M,master,463716.4,25816.0,119.0,0.0,Personal Auto,Luxury,571.2
878,UU98729,california,M,bachelors,535719.27,0.0,73.0,0.0,Personal Auto,Four-Door Car,350.853987
879,WS82822,oregon,F,college,539197.1,41662.0,69.0,0.0,Corporate Auto,Four-Door Car,217.973168
880,YB49933,arizona,M,bachelors,369414.05,96170.0,92.0,0.0,Personal Auto,Four-Door Car,441.6
881,XC16387,arizona,F,high school or below,504041.24,46072.0,64.0,0.0,Personal Auto,Four-Door Car,25.934064
882,XJ96748,arizona,F,high school or below,2749542.19,37931.0,99.0,0.0,Personal Auto,Four-Door Car,475.2
883,TM98684,oregon,M,high school or below,484228.5,35127.0,62.0,0.0,Personal Auto,Four-Door Car,297.6
884,AY18433,washington,F,high school or below,2738281.89,45473.0,76.0,0.0,Special Auto,Two-Door Car,188.938397
885,DM74502,nevada,F,college,522710.19,93087.0,131.0,3.0,Corporate Auto,Luxury,628.8
886,FT56968,arizona,M,high school or below,259009.6,22398.0,67.0,2.0,Personal Auto,Four-Door Car,321.6
887,OX36896,california,M,high school or below,1053607.8,92983.0,87.0,1.0,Corporate Auto,Four-Door Car,153.205591
888,BZ65376,arizona,M,bachelors,858127.87,27689.0,239.0,2.0,Personal Auto,Luxury,2893.239678
889,LN34660,california,F,college,946311.33,69654.0,118.0,0.0,Corporate Auto,SUV,629.532731
890,JC29295,california,F,bachelors,1344100.64,80744.0,111.0,0.0,Personal Auto,SUV,361.284757
891,KJ87930,california,F,bachelors,388650.48,0.0,112.0,0.0,Corporate Auto,SUV,1185.988301
892,XT36360,arizona,F,high school or below,678489.37,0.0,64.0,1.0,Personal Auto,Four-Door Car,460.8
893,IX35050,arizona,M,bachelors,2359468.02,76358.0,66.0,0.0,Special Auto,Four-Door Car,86.461582
894,UN97379,oregon,M,bachelors,253862.63,18608.0,71.0,0.0,Corporate Auto,Four-Door Car,340.8
895,MR57294,california,M,high school or below,563994.2,73168.0,70.0,0.0,Personal Auto,Four-Door Car,425.800112
896,UG79499,washington,M,bachelors,1168137.43,70930.0,99.0,0.0,Personal Auto,Four-Door Car,190.43446
897,UA50747,washington,F,high school or below,2599775.0,62262.0,72.0,0.0,Corporate Auto,Four-Door Car,193.505325
898,GL20444,nevada,F,master,1377836.93,91474.0,113.0,0.0,Corporate Auto,Two-Door Car,24.087774
899,SP58110,california,F,bachelors,492318.17,61469.0,63.0,5.0,Personal Auto,Four-Door Car,302.4
900,XM91635,arizona,F,high school or below,227233.54,16618.0,62.0,0.0,Special Auto,Four-Door Car,219.288706
901,TV82603,california,F,bachelors,1489539.8,48081.0,188.0,0.0,Personal Auto,Luxury,881.360959
902,BB82067,oregon,M,doctor,975604.5,67632.0,121.0,0.0,Personal Auto,Luxury,26.951627
903,JP94676,oregon,F,bachelors,942297.41,34115.0,119.0,0.0,Personal Auto,SUV,466.122541
904,VU53417,arizona,M,high school or below,383735.76,23051.0,99.0,0.0,Personal Auto,Two-Door Car,475.2
905,IW54795,california,M,college,1095213.19,23748.0,99.0,0.0,Personal Auto,Four-Door Car,607.095655
906,RN78170,arizona,F,college,815913.66,40589.0,69.0,0.0,Corporate Auto,Four-Door Car,331.2
907,IX55883,california,F,college,1948049.98,50809.0,83.0,0.0,Personal Auto,Four-Door Car,290.381707
908,XM72420,arizona,F,high school or below,391936.67,66676.0,97.0,0.0,Personal Auto,Four-Door Car,558.099357
909,GC15104,nevada,F,bachelors,798514.21,52339.0,70.0,3.0,Corporate Auto,Four-Door Car,336.0
910,RX13282,oregon,M,bachelors,1216874.49,14973.0,115.0,0.0,Personal Auto,SUV,828.0
911,QA85890,arizona,F,high school or below,584932.15,0.0,83.0,0.0,Corporate Auto,Four-Door Car,540.514115
912,IR62668,arizona,F,bachelors,508583.66,31546.0,65.0,0.0,Personal Auto,Four-Door Car,100.049832
913,AL96740,california,F,college,290393.98,67763.0,73.0,1.0,Personal Auto,Four-Door Car,59.861963
914,SS48498,washington,F,college,627317.34,20836.0,79.0,0.0,Corporate Auto,Four-Door Car,193.57032
915,PE39479,washington,M,college,1832141.9,88592.0,76.0,0.0,Corporate Auto,Four-Door Car,199.79727
916,JH62891,oregon,F,college,517870.42,66943.0,65.0,1.0,Special Auto,Four-Door Car,53.084753
917,FI20423,arizona,F,high school or below,1402435.84,81872.0,115.0,0.0,Special Auto,Four-Door Car,256.43803
918,PM13394,washington,F,college,530943.59,22404.0,70.0,1.0,Personal Auto,Four-Door Car,211.136067
919,YV67971,california,F,high school or below,494980.38,21342.0,62.0,0.0,Personal Auto,Four-Door Car,74.350893
920,QD31377,california,M,bachelors,859566.53,34621.0,108.0,1.0,Corporate Auto,SUV,621.464468
921,YG10247,oregon,M,college,2295189.2,62396.0,64.0,0.0,Personal Auto,Four-Door Car,307.2
922,FE73696,oregon,M,high school or below,379213.03,97212.0,93.0,0.0,Personal Auto,Two-Door Car,360.05589
923,SW19699,arizona,F,bachelors,275574.8,49648.0,70.0,0.0,Personal Auto,Four-Door Car,65.954813
924,QJ40732,arizona,M,college,488033.96,97984.0,61.0,1.0,Personal Auto,Four-Door Car,407.450118
925,HM76207,california,F,college,905190.53,26308.0,114.0,0.0,Corporate Auto,SUV,547.2
926,NT59303,oregon,F,college,1011544.62,63528.0,256.0,0.0,Personal Auto,Luxury,1228.8
927,PU41393,nevada,M,college,826907.54,20225.0,114.0,1.0,Special Auto,SUV,547.2
928,QO86948,nevada,M,high school or below,807165.3,0.0,112.0,0.0,Personal Auto,SUV,806.4
929,QN10888,oregon,F,high school or below,772699.36,87620.0,64.0,0.0,Personal Auto,Four-Door Car,24.063693
930,VY19543,california,F,bachelors,831113.59,0.0,72.0,0.0,Corporate Auto,Four-Door Car,311.329282
931,XC15133,nevada,F,master,257402.04,34990.0,65.0,0.0,Personal Auto,Four-Door Car,42.689135
932,ST43550,oregon,M,bachelors,572732.71,99934.0,71.0,0.0,Special Auto,Four-Door Car,460.323855
933,FX36546,washington,M,master,367914.21,60804.0,92.0,0.0,Personal Auto,Four-Door Car,213.225001
934,JX68983,oregon,M,bachelors,274451.96,94648.0,69.0,0.0,Personal Auto,Four-Door Car,331.2
935,HX78576,california,F,high school or below,563674.03,24516.0,71.0,0.0,Personal Auto,Four-Door Car,300.607591
936,ZQ11381,arizona,M,bachelors,1687038.82,61063.0,85.0,0.0,Personal Auto,Four-Door Car,262.504882
937,ON39271,california,M,master,273800.2,0.0,74.0,0.0,Personal Auto,Two-Door Car,263.365432
938,SB18278,oregon,M,bachelors,464470.05,0.0,64.0,0.0,Corporate Auto,Four-Door Car,307.2
939,ZT30559,california,F,high school or below,474668.65,15169.0,63.0,0.0,Personal Auto,Four-Door Car,302.4
940,XI41106,arizona,M,college,1687432.82,55390.0,71.0,0.0,Corporate Auto,Two-Door Car,256.268091
941,ZS88847,oregon,F,bachelors,238760.61,27592.0,62.0,0.0,Personal Auto,Four-Door Car,297.6
942,RU49126,washington,F,college,446533.57,61846.0,112.0,0.0,Personal Auto,SUV,215.8182
943,KR62797,arizona,F,high school or below,459162.59,83297.0,113.0,0.0,Personal Auto,SUV,542.4
944,ZJ73220,arizona,F,college,1309258.58,0.0,188.0,0.0,Special Auto,Luxury,1353.6
945,FY62633,oregon,M,bachelors,911226.66,0.0,90.0,0.0,Personal Auto,Four-Door Car,432.0
946,CU36986,california,F,high school or below,416516.66,55897.0,104.0,0.0,Personal Auto,Four-Door Car,499.2
947,WZ53904,arizona,M,bachelors,265998.06,21297.0,71.0,0.0,Personal Auto,Four-Door Car,45.507952
948,AA71604,arizona,F,master,1198659.21,87560.0,98.0,1.0,Personal Auto,Two-Door Car,470.4
949,TD10493,oregon,F,high school or below,289873.27,0.0,96.0,4.0,Personal Auto,Four-Door Car,691.2
950,LY97989,oregon,F,bachelors,289424.39,0.0,85.0,0.0,Personal Auto,Four-Door Car,408.0
951,VX39856,arizona,F,doctor,350045.44,89398.0,86.0,0.0,Personal Auto,Four-Door Car,82.409922
952,TP51897,california,F,college,262180.86,36843.0,68.0,3.0,Corporate Auto,Four-Door Car,357.642982
953,QQ89253,oregon,F,college,1022180.5,0.0,134.0,0.0,Personal Auto,SUV,643.2
954,EI91403,california,M,high school or below,257827.1,34946.0,65.0,0.0,Personal Auto,Two-Door Car,420.35698
955,QG15435,arizona,F,college,624259.57,75680.0,78.0,0.0,Personal Auto,Four-Door Car,136.787725
956,FZ55002,nevada,F,doctor,522028.1,0.0,69.0,0.0,Personal Auto,Four-Door Car,331.2
957,HX77930,washington,F,college,313643.21,49532.0,79.0,1.0,Personal Auto,Four-Door Car,220.186677
958,UN37063,arizona,M,bachelors,452536.58,10269.0,65.0,0.0,Personal Auto,Two-Door Car,170.798204
959,VB87946,california,M,college,497035.73,49714.0,63.0,3.0,Personal Auto,Four-Door Car,266.165535
960,AB60627,california,M,high school or below,1546778.9,77517.0,129.0,0.0,Corporate Auto,SUV,98.921782
961,TA34903,oregon,M,high school or below,583889.92,81082.0,73.0,0.0,Personal Auto,Four-Door Car,281.295903
962,AQ51368,oregon,F,bachelors,1065688.2,72540.0,88.0,0.0,Corporate Auto,Two-Door Car,631.743039
963,NZ26102,oregon,F,high school or below,228961.87,0.0,65.0,0.0,Personal Auto,Four-Door Car,468.0
964,GB45753,california,M,high school or below,543980.42,61546.0,68.0,0.0,Corporate Auto,Two-Door Car,29.209521
965,BV79904,california,F,master,795615.01,44818.0,67.0,1.0,Personal Auto,Two-Door Car,136.883999
966,OB49075,arizona,M,bachelors,445811.34,17622.0,65.0,1.0,Personal Auto,Four-Door Car,312.0
967,DS97676,oregon,F,college,255505.15,0.0,72.0,0.0,Personal Auto,Four-Door Car,518.4
968,JO63462,california,M,bachelors,330799.9,79797.0,84.0,0.0,Corporate Auto,Two-Door Car,31.755601
969,NJ10602,washington,F,college,845905.32,92717.0,70.0,0.0,Personal Auto,Two-Door Car,224.27582
970,RS24501,oregon,F,college,1335012.09,28919.0,173.0,0.0,Personal Auto,SUV,830.4
971,VT78274,arizona,M,college,493122.13,0.0,68.0,0.0,Personal Auto,Four-Door Car,480.159011
972,SU56153,nevada,M,bachelors,777683.52,63568.0,65.0,0.0,Corporate Auto,Two-Door Car,390.792553
973,MN20737,nevada,F,college,255367.22,73935.0,64.0,1.0,Corporate Auto,Four-Door Car,72.071195
974,KL43114,arizona,F,high school or below,487646.97,0.0,66.0,0.0,Corporate Auto,Two-Door Car,316.8
975,YQ15567,oregon,F,bachelors,903430.58,18846.0,115.0,0.0,Personal Auto,SUV,552.0
976,TR88637,arizona,F,high school or below,810591.08,38893.0,103.0,0.0,Personal Auto,SUV,41.965252
977,TC88986,oregon,M,high school or below,561968.91,0.0,153.0,0.0,Special Auto,SUV,1027.000029
978,XX88577,california,M,bachelors,1572713.06,84824.0,196.0,0.0,Corporate Auto,SUV,319.820747
979,NE49052,california,F,high school or below,661801.64,20068.0,86.0,0.0,Corporate Auto,Four-Door Car,411.011162
980,KX17826,oregon,M,doctor,467004.8,0.0,125.0,0.0,Corporate Auto,SUV,600.0
981,CC91503,arizona,F,high school or below,1016936.98,0.0,135.0,0.0,Personal Auto,Luxury,648.0
982,WH32183,california,M,bachelors,832307.4,97245.0,70.0,0.0,Personal Auto,Four-Door Car,4.110585
983,ES90681,california,F,college,241776.0,51808.0,61.0,1.0,Personal Auto,Four-Door Car,351.149904
984,DW96592,california,M,bachelors,804487.24,71391.0,67.0,0.0,Personal Auto,Four-Door Car,284.000172
985,MT23134,oregon,M,high school or below,532572.45,0.0,73.0,0.0,Personal Auto,Two-Door Car,496.474767
986,BM69081,arizona,M,bachelors,694752.4,0.0,100.0,0.0,Personal Auto,SUV,925.137143
987,MB90871,oregon,F,college,584741.52,23496.0,77.0,0.0,Special Auto,Four-Door Car,13.164097
988,GT62080,washington,M,high school or below,588174.235,55561.0,63.0,0.0,Personal Auto,Four-Door Car,227.872071
989,QL77686,nevada,F,college,472478.61,23986.0,119.0,0.0,Corporate Auto,SUV,463.335061
990,ON77827,arizona,F,master,279022.8,22974.0,71.0,0.0,Personal Auto,Four-Door Car,180.667969
991,KP18988,oregon,F,high school or below,2153133.28,0.0,101.0,0.0,Personal Auto,Four-Door Car,484.8
992,TI92884,arizona,M,bachelors,1262283.27,61844.0,106.0,0.0,Personal Auto,Luxury,508.8
993,JH73503,arizona,M,doctor,2017196.15,24804.0,73.0,0.0,Personal Auto,Two-Door Car,350.4
994,YE97964,california,F,bachelors,1646436.59,27760.0,104.0,0.0,Personal Auto,SUV,302.764283
995,VA30351,oregon,F,high school or below,559538.99,74454.0,71.0,0.0,Personal Auto,Four-Door Car,340.8
996,PV55726,oregon,F,master,417068.73,29462.0,107.0,1.0,Personal Auto,SUV,513.6
997,UC88305,arizona,F,college,266544.71,52266.0,68.0,0.0,Corporate Auto,Two-Door Car,141.922839
998,TS53809,oregon,M,bachelors,709891.41,0.0,70.0,0.0,Personal Auto,Two-Door Car,349.783046
999,ZV32120,california,M,doctor,397134.51,23599.0,103.0,0.0,Corporate Auto,SUV,494.4
1000,FB80807,oregon,M,bachelors,552821.28,36088.0,72.0,0.0,Personal Auto,Four-Door Car,345.6
1001,AS55677,california,F,high school or below,833899.58,70534.0,104.0,0.0,Personal Auto,Four-Door Car,54.065538
1002,WA15684,oregon,M,college,3844585.59,27398.0,125.0,1.0,Personal Auto,SUV,600.0
1003,SA50567,nevada,M,bachelors,544855.52,85296.0,68.0,0.0,Personal Auto,Four-Door Car,342.515136
1004,KJ31611,arizona,M,high school or below,1080806.6,31063.0,92.0,0.0,Personal Auto,Four-Door Car,441.6
1005,VL37375,california,M,bachelors,618509.65,0.0,92.0,0.0,Personal Auto,Two-Door Car,1027.177255
1006,KN21017,nevada,M,high school or below,320822.59,52367.0,81.0,0.0,Personal Auto,Four-Door Car,275.989978
1007,PX44289,arizona,M,college,548010.41,58651.0,71.0,0.0,Personal Auto,Four-Door Car,472.599683
1008,AM97901,nevada,F,college,2298615.39,84831.0,192.0,0.0,Special Auto,Luxury,1336.931716
1009,RE42925,oregon,M,bachelors,1310792.59,49088.0,114.0,1.0,Corporate Auto,SUV,547.2
1010,TR81766,california,F,college,746292.63,70263.0,93.0,0.0,Corporate Auto,Two-Door Car,7.345946
1011,CH85057,oregon,F,doctor,1146399.1,45354.0,285.0,0.0,Personal Auto,Luxury,540.141566
1012,UP71482,arizona,M,high school or below,723613.25,0.0,63.0,0.0,Personal Auto,Four-Door Car,383.363758
1013,EG40670,california,F,bachelors,623268.79,28334.0,83.0,0.0,Special Auto,Four-Door Car,537.765151
1014,HV83672,oregon,F,bachelors,2839332.99,38772.0,90.0,0.0,Personal Auto,Four-Door Car,321.873474
1015,MG10140,oregon,F,college,374675.16,41479.0,94.0,1.0,Personal Auto,Two-Door Car,19.575683
1016,TC44716,california,M,bachelors,2156933.73,23909.0,119.0,0.0,Personal Auto,SUV,571.2
1017,QO65264,california,M,college,501208.37,48328.0,63.0,0.0,Personal Auto,Two-Door Car,108.138715
1018,EB66698,california,M,high school or below,337185.84,86689.0,85.0,0.0,Corporate Auto,Two-Door Car,408.0
1019,OT52034,california,M,bachelors,386477.68,24204.0,99.0,1.0,Personal Auto,Four-Door Car,707.303416
1020,CH85444,oregon,M,college,414571.19,25943.0,110.0,0.0,Corporate Auto,Two-Door Car,1067.333126
1021,PU85769,california,M,high school or below,515607.27,0.0,73.0,0.0,Personal Auto,Four-Door Car,807.947292
1022,UI73201,california,M,college,366737.5,62375.0,92.0,0.0,Personal Auto,Two-Door Car,618.630955
1023,SL50592,california,F,high school or below,783568.35,0.0,71.0,0.0,Corporate Auto,Four-Door Car,404.272806
1024,XP11075,arizona,M,bachelors,1456726.84,0.0,148.0,0.0,Personal Auto,SUV,710.4
1025,SI31236,oregon,M,bachelors,1017133.9,70200.0,65.0,0.0,Corporate Auto,Four-Door Car,312.0
1026,JN26745,nevada,F,bachelors,413577.52,0.0,112.0,0.0,Special Auto,Four-Door Car,707.977614
1027,VK48036,oregon,F,college,551149.11,79027.0,70.0,0.0,Corporate Auto,Four-Door Car,336.0
1028,JX76668,washington,F,high school or below,1131424.39,62935.0,141.0,0.0,Personal Auto,Luxury,232.242326
1029,DS45802,california,F,high school or below,541461.73,26893.0,68.0,0.0,Personal Auto,Four-Door Car,68.226001
1030,OA96690,oregon,F,high school or below,742159.35,47406.0,94.0,1.0,Personal Auto,Four-Door Car,287.149807
1031,EM27919,california,M,bachelors,445811.34,17622.0,65.0,1.0,Personal Auto,Four-Door Car,312.0
1032,QO41043,oregon,F,college,1447612.49,27572.0,124.0,0.0,Corporate Auto,SUV,595.2
1033,OV50124,oregon,F,college,493688.84,0.0,72.0,2.0,Personal Auto,Two-Door Car,391.636628
1034,PR31642,oregon,F,bachelors,452527.65,32802.0,114.0,0.0,Personal Auto,SUV,547.2
1035,BU41599,washington,F,master,558176.13,62739.0,70.0,0.0,Personal Auto,Two-Door Car,239.328571
1036,TK30357,california,F,bachelors,1413434.74,90844.0,118.0,0.0,Personal Auto,SUV,232.674417
1037,NF31087,nevada,F,high school or below,2472318.31,44685.0,69.0,0.0,Personal Auto,Four-Door Car,331.2
1038,NH16984,california,F,bachelors,283806.78,0.0,80.0,0.0,Personal Auto,Four-Door Car,336.50961
1039,OS75493,california,F,high school or below,384848.36,42589.0,98.0,0.0,Corporate Auto,Four-Door Car,470.4
1040,VT63298,oregon,M,bachelors,1950447.39,0.0,72.0,0.0,Personal Auto,Four-Door Car,345.6
1041,QS75550,washington,F,bachelors,248004.59,93383.0,62.0,0.0,Corporate Auto,Two-Door Car,244.212286
1042,SZ16483,arizona,F,high school or below,436137.29,79583.0,109.0,2.0,Personal Auto,Four-Door Car,523.2
1043,VM92311,arizona,F,high school or below,252907.75,89129.0,64.0,0.0,Personal Auto,Four-Door Car,328.870868
1044,NJ46849,arizona,M,college,250444.48,0.0,69.0,0.0,Personal Auto,Four-Door Car,496.8
1045,WZ31900,oregon,F,bachelors,864970.06,94389.0,107.0,0.0,Corporate Auto,SUV,85.063708
1046,RG30482,oregon,F,college,1366835.53,0.0,197.0,0.0,Personal Auto,SUV,1418.4
1047,ZM86949,oregon,F,high school or below,2063508.46,84106.0,64.0,0.0,Personal Auto,Two-Door Car,334.408717
1048,QQ39596,arizona,F,college,251753.36,0.0,69.0,0.0,Personal Auto,Four-Door Car,42.096415
1049,FH51383,california,F,high school or below,532667.77,76717.0,66.0,0.0,Personal Auto,Two-Door Car,300.528579
1050,BJ53923,arizona,M,high school or below,260027.21,51978.0,66.0,0.0,Corporate Auto,Four-Door Car,144.782152
1051,CZ96653,oregon,F,bachelors,853479.28,47325.0,107.0,0.0,Personal Auto,SUV,64.598216
1052,FB23788,oregon,M,high school or below,882883.5,86721.0,111.0,0.0,Corporate Auto,SUV,532.8
1053,NT43594,nevada,F,bachelors,224844.96,24910.0,63.0,1.0,Personal Auto,Four-Door Car,347.857619
1054,RJ85627,washington,F,bachelors,1230276.24,43817.0,62.0,1.0,Personal Auto,Four-Door Car,245.447622
1055,KJ86296,oregon,M,high school or below,455659.3,0.0,73.0,2.0,Personal Auto,Four-Door Car,525.6
1056,PI47776,oregon,F,bachelors,253070.51,89451.0,63.0,0.0,Corporate Auto,Four-Door Car,61.769564
1057,MD73554,california,M,college,525198.4,59537.0,66.0,0.0,Personal Auto,Two-Door Car,316.8
1058,UX92071,oregon,M,high school or below,674311.93,0.0,199.0,0.0,Personal Auto,Luxury,955.2
1059,YG44474,oregon,M,college,1401472.13,54193.0,117.0,0.0,Corporate Auto,SUV,720.752945
1060,UH45301,oregon,M,college,943891.56,86946.0,118.0,0.0,Personal Auto,Four-Door Car,340.656963
1061,RY92647,california,F,bachelors,1050677.17,0.0,92.0,0.0,Personal Auto,Four-Door Car,546.524896
1062,IK12620,arizona,F,high school or below,421391.86,12160.0,109.0,0.0,Personal Auto,Four-Door Car,489.411833
1063,GQ66762,california,M,college,477368.64,33701.0,63.0,0.0,Personal Auto,Four-Door Car,171.325856
1064,YT69858,washington,F,bachelors,544142.01,85702.0,67.0,0.0,Personal Auto,Two-Door Car,249.085887
1065,XD85577,california,M,bachelors,284226.69,69417.0,73.0,1.0,Personal Auto,Four-Door Car,30.874869
1066,TM65736,oregon,M,master,305955.03,38644.0,78.0,1.0,Personal Auto,Four-Door Car,361.455219
1067,VJ51327,california,F,high school or below,2031499.76,63209.0,102.0,2.0,Personal Auto,SUV,207.320041
1068,GS98873,arizona,F,bachelors,323912.47,16061.0,88.0,0.0,Personal Auto,Four-Door Car,633.6
1069,CW49887,california,F,master,462680.11,79487.0,114.0,0.0,Special Auto,SUV,547.2
1070,MY31220,california,F,college,899704.02,54230.0,112.0,0.0,Personal Auto,Two-Door Car,537.6
